"","fullVisitorId","visitNumber","totals.bounces","totals.hits","totals.newVisits","totals.pageviews"
"1",0,0,0,0,0,0
"2",1.72e+13,2,0,2,0,2
"3",1.9e+13,1,0,2,1,2
"4",5.95e+13,1,1,1,1,1
"5",8.44e+13,1,0,4,1,4
"6",8.86e+13,3,0,24,1,23
"7",8.88e+13,1,0,2,1,2
"8",1.18e+14,1,1,1,1,1
"9",1.53e+14,1,1,1,1,1
"10",1.74e+14,1,1,1,1,1
"11",1.84e+14,1,1,1,1,1
"12",2.82e+14,7,0,58,0,38
"13",2.99e+14,1,0,2,1,2
"14",3.1e+14,3,0,2,0,2
"15",4.86e+14,9,2,2,0,2
"16",5.01e+14,1,1,1,1,1
"17",5.51e+14,1,0,28,1,16
"18",5.58e+14,1,1,1,1,1
"19",5.93e+14,3,0,11,1,11
"20",6.35e+14,1,1,1,1,1
"21",7.37e+14,1,1,1,1,1
"22",7.61e+14,3,1,13,1,11
"23",7.68e+14,1,0,15,1,9
"24",9.33e+14,4,0,3,0,3
"25",9.37e+14,1,1,1,1,1
"26",9.55e+14,1,1,1,1,1
"27",9.82e+14,2,0,3,0,3
"28",9.94e+14,1,0,2,1,2
"29",1.06e+15,1,1,1,1,1
"30",1.19e+15,2,1,1,0,1
"31",1.2e+15,1,0,2,1,2
"32",1.23e+15,1,1,1,1,1
"33",1.26e+15,1,1,1,1,1
"34",1.5e+15,2,1,4,2,4
"35",1.61e+15,2,0,2,0,2
"36",1.75e+15,5,1,1,0,1
"37",1.79e+15,1,1,1,1,1
"38",1.99e+15,1,1,1,1,1
"39",2.06e+15,1,0,5,1,5
"40",2.08e+15,2,1,3,2,3
"41",2.11e+15,1,1,1,1,1
"42",2.12e+15,6,0,16,1,16
"43",2.25e+15,1,0,5,1,3
"44",2.26e+15,1,1,1,1,1
"45",2.4e+15,3,2,2,1,2
"46",2.53e+15,1,1,1,1,1
"47",2.61e+15,2,0,5,0,5
"48",2.88e+15,2,2,2,2,2
"49",2.94e+15,1,1,1,1,1
"50",2.95e+15,1,1,1,1,1
"51",3.02e+15,1,0,2,1,2
"52",3.14e+15,2,1,1,0,1
"53",3.16e+15,1,1,1,1,1
"54",3.19e+15,2,1,2,0,1
"55",3.57e+15,1,0,2,1,2
"56",3.61e+15,1,0,2,1,2
"57",3.63e+15,1,0,5,1,3
"58",3.65e+15,2,2,2,2,2
"59",3.75e+15,1,0,8,1,7
"60",3.77e+15,1,0,3,1,3
"61",3.95e+15,1,1,1,1,1
"62",4.07e+15,1,1,1,1,1
"63",4.08e+15,1,0,2,1,2
"64",4.12e+15,2,0,8,2,4
"65",4.14e+15,1,1,1,1,1
"66",4.26e+15,11,0,11,0,8
"67",4.37e+15,1,0,22,1,16
"68",4.44e+15,1,1,1,1,1
"69",4.46e+15,1,1,1,1,1
"70",4.49e+15,4,1,1,0,1
"71",4.68e+15,1,1,1,1,1
"72",4.71e+15,1,1,1,1,1
"73",4.72e+15,2,0,15,2,15
"74",4.79e+15,1,1,1,1,1
"75",4.84e+15,1,0,7,1,7
"76",4.85e+15,1,1,1,1,1
"77",5e+15,2,1,6,2,6
"78",5.01e+15,1,1,1,1,1
"79",5.04e+15,1,0,5,1,5
"80",5.13e+15,4,2,2,1,2
"81",5.2e+15,1,0,6,1,6
"82",5.32e+15,1,1,1,1,1
"83",5.36e+15,1,0,4,1,4
"84",5.43e+15,1,0,18,1,16
"85",5.57e+15,3,0,4,0,4
"86",5.61e+15,1,0,6,1,4
"87",5.62e+15,1,1,1,1,1
"88",5.67e+15,2,2,2,2,2
"89",5.76e+15,1,1,1,1,1
"90",5.82e+15,4,1,1,0,1
"91",5.9e+15,15,1,18,0,13
"92",5.97e+15,1,1,1,1,1
"93",6.1e+15,1,0,3,1,3
"94",6.13e+15,2,0,15,2,14
"95",6.19e+15,1,0,3,1,3
"96",6.24e+15,1,0,14,1,12
"97",6.71e+15,2,2,2,2,2
"98",6.76e+15,1,0,3,1,3
"99",6.77e+15,1,0,29,1,18
"100",6.83e+15,2,1,1,0,1
"101",6.9e+15,1,0,9,1,9
"102",6.93e+15,1,1,1,1,1
"103",6.99e+15,2,0,15,0,11
"104",7.04e+15,1,0,2,1,2
"105",7.06e+15,1,0,5,1,5
"106",7.07e+15,9,3,8,1,8
"107",7.26e+15,1,0,3,1,3
"108",7.31e+15,1,1,1,1,1
"109",7.37e+15,4,1,26,1,22
"110",7.39e+15,2,0,2,0,2
"111",7.41e+15,1,1,1,1,1
"112",7.49e+15,1,1,1,1,1
"113",7.69e+15,2,0,7,2,7
"114",7.94e+15,1,1,1,1,1
"115",8.05e+15,1,1,1,1,1
"116",8.22e+15,1,0,4,1,4
"117",8.24e+15,1,0,4,1,4
"118",8.34e+15,2,1,1,0,1
"119",8.4e+15,1,1,1,1,1
"120",8.44e+15,1,1,1,1,1
"121",8.45e+15,1,1,1,1,1
"122",8.47e+15,1,0,7,1,5
"123",8.55e+15,1,1,1,1,1
"124",8.72e+15,1,1,1,1,1
"125",8.75e+15,1,1,1,1,1
"126",8.89e+15,1,1,1,1,1
"127",8.9e+15,1,1,1,1,1
"128",8.91e+15,1,0,2,1,2
"129",9.03e+15,1,0,7,1,6
"130",9.05e+15,3,1,1,0,1
"131",9.11e+15,2,1,59,2,41
"132",9.13e+15,1,1,1,1,1
"133",9.2e+15,1,1,1,1,1
"134",9.22e+15,6,1,23,1,18
"135",9.25e+15,1,1,1,1,1
"136",9.27e+15,1,1,1,1,1
"137",9.29e+15,1,0,12,1,8
"138",9.49e+15,1,1,1,1,1
"139",9.56e+15,1,1,1,1,1
"140",9.76e+15,1,0,10,1,8
"141",9.8e+15,1,1,1,1,1
"142",9.83e+15,1,1,1,1,1
"143",9.98e+15,1,0,7,1,6
"144",1e+16,1,0,5,1,4
"145",1.01e+16,4,2,2,1,2
"146",1.02e+16,2,1,3,2,3
"147",1.03e+16,4,1,3,1,3
"148",1.05e+16,3,1,6,3,6
"149",1.07e+16,8,1,12,2,11
"150",1.08e+16,6,3,22,4,18
"151",1.12e+16,5,3,6,3,5
"152",1.13e+16,8,3,21,3,19
"153",1.14e+16,1,0,2,1,2
"154",1.15e+16,1,1,1,1,1
"155",1.16e+16,12,0,50,0,35
"156",1.17e+16,2,1,1,0,1
"157",1.18e+16,1,0,14,1,12
"158",1.19e+16,1,0,3,1,2
"159",1.2e+16,1,1,1,1,1
"160",1.21e+16,2,1,4,2,4
"161",1.22e+16,3,0,19,3,18
"162",1.23e+16,17,1,43,1,31
"163",1.24e+16,3,0,9,3,9
"164",1.25e+16,3,0,6,0,6
"165",1.26e+16,4,1,20,2,13
"166",1.27e+16,6,2,18,2,17
"167",1.28e+16,7,4,4,2,4
"168",1.29e+16,2,2,2,2,2
"169",1.3e+16,127,3,7,0,7
"170",1.34e+16,1,0,3,1,3
"171",1.35e+16,1,0,5,1,3
"172",1.36e+16,1,0,3,1,3
"173",1.41e+16,3,1,1,0,1
"174",1.43e+16,2,2,2,2,2
"175",1.45e+16,2,2,2,2,2
"176",1.49e+16,2,1,3,2,3
"177",1.51e+16,1,1,1,1,1
"178",1.52e+16,2,2,2,2,2
"179",1.53e+16,2,1,4,2,3
"180",1.54e+16,1,1,1,1,1
"181",1.56e+16,3,1,12,3,9
"182",1.58e+16,1,1,1,1,1
"183",1.59e+16,2,1,5,2,5
"184",1.61e+16,4,1,12,2,12
"185",1.66e+16,2,1,3,2,3
"186",1.68e+16,5,2,43,3,33
"187",1.69e+16,3,1,8,1,5
"188",1.7e+16,7,2,2,1,2
"189",1.71e+16,2,0,10,2,8
"190",1.73e+16,2,2,2,2,2
"191",1.75e+16,2,2,2,2,2
"192",1.76e+16,3,1,5,3,5
"193",1.77e+16,1,1,1,1,1
"194",1.79e+16,1,1,1,1,1
"195",1.83e+16,1,1,1,1,1
"196",1.84e+16,2,0,6,2,4
"197",1.85e+16,1,0,6,1,6
"198",1.86e+16,2,1,1,0,1
"199",1.87e+16,4,0,18,2,13
"200",1.88e+16,4,0,34,2,27
"201",1.89e+16,4,1,5,2,5
"202",1.9e+16,1,0,2,1,2
"203",1.91e+16,3,1,1,0,1
"204",1.92e+16,3,2,5,3,4
"205",1.93e+16,1,1,1,1,1
"206",1.95e+16,3,1,12,3,9
"207",1.96e+16,1,0,2,1,2
"208",1.97e+16,3,2,42,3,41
"209",1.98e+16,1,1,1,1,1
"210",1.99e+16,14,2,4,2,4
"211",2.01e+16,1,1,1,1,1
"212",2.02e+16,2,1,3,2,3
"213",2.03e+16,2,1,6,2,4
"214",2.04e+16,4,0,2,0,2
"215",2.05e+16,5,0,6,1,6
"216",2.06e+16,1,1,1,1,1
"217",2.07e+16,5,1,11,3,9
"218",2.08e+16,1,0,2,1,2
"219",2.09e+16,5,1,44,0,34
"220",2.1e+16,3,1,8,1,8
"221",2.13e+16,1,1,1,1,1
"222",2.14e+16,3,1,7,1,7
"223",2.16e+16,1,0,4,1,3
"224",2.17e+16,1,1,1,1,1
"225",2.18e+16,1,1,1,1,1
"226",2.19e+16,1,1,1,1,1
"227",2.21e+16,1,0,6,1,6
"228",2.22e+16,1,1,1,1,1
"229",2.24e+16,12,2,23,1,17
"230",2.25e+16,1,0,10,1,6
"231",2.26e+16,2,0,8,2,5
"232",2.28e+16,3,1,24,3,19
"233",2.3e+16,2,0,6,0,6
"234",2.31e+16,1,1,1,1,1
"235",2.32e+16,3,0,21,3,15
"236",2.34e+16,2,1,3,2,3
"237",2.36e+16,1,0,20,1,17
"238",2.37e+16,2,1,3,2,3
"239",2.38e+16,1,1,1,1,1
"240",2.39e+16,1,1,1,1,1
"241",2.4e+16,3,3,3,3,3
"242",2.41e+16,1,1,1,1,1
"243",2.42e+16,1,1,1,1,1
"244",2.43e+16,1,1,1,1,1
"245",2.45e+16,4,1,3,1,3
"246",2.46e+16,1,1,1,1,1
"247",2.48e+16,7,1,1,0,1
"248",2.49e+16,1,0,2,1,2
"249",2.51e+16,2,1,5,2,4
"250",2.53e+16,1,1,1,1,1
"251",2.54e+16,10,0,11,0,9
"252",2.57e+16,1,1,1,1,1
"253",2.59e+16,5,2,4,2,4
"254",2.6e+16,2,2,2,2,2
"255",2.62e+16,1,0,2,1,2
"256",2.63e+16,2,2,2,2,2
"257",2.64e+16,2,2,2,2,2
"258",2.65e+16,2,2,2,2,2
"259",2.66e+16,3,0,15,1,14
"260",2.67e+16,12,4,21,3,17
"261",2.7e+16,2,1,3,2,3
"262",2.71e+16,1,1,1,1,1
"263",2.73e+16,11,2,2,0,2
"264",2.75e+16,3,1,1,0,1
"265",2.76e+16,2,1,5,2,5
"266",2.77e+16,1,1,1,1,1
"267",2.78e+16,2,1,4,2,3
"268",2.81e+16,3,1,15,3,15
"269",2.82e+16,4,1,17,4,16
"270",2.83e+16,5,1,4,0,4
"271",2.85e+16,2,0,2,0,2
"272",2.86e+16,2,0,13,2,10
"273",2.87e+16,34,2,2,0,2
"274",2.88e+16,1,1,1,1,1
"275",2.89e+16,6,3,28,4,21
"276",2.9e+16,3,0,18,1,18
"277",2.91e+16,1,0,5,1,5
"278",2.92e+16,1,0,6,1,4
"279",2.93e+16,1,1,1,1,1
"280",2.94e+16,1,1,1,1,1
"281",2.95e+16,2,1,4,2,4
"282",2.96e+16,1,0,5,1,4
"283",2.97e+16,3,2,2,1,2
"284",2.98e+16,1,0,22,1,16
"285",2.99e+16,2,1,6,2,5
"286",3e+16,4,0,19,2,16
"287",3.01e+16,4,1,48,4,36
"288",3.02e+16,1,0,14,1,12
"289",3.03e+16,1,1,1,1,1
"290",3.06e+16,7,0,4,0,4
"291",3.07e+16,1,0,2,1,2
"292",3.08e+16,1,1,1,1,1
"293",3.09e+16,2,0,3,0,3
"294",3.1e+16,1,0,9,1,7
"295",3.11e+16,1,1,1,1,1
"296",3.13e+16,1,1,1,1,1
"297",3.14e+16,1,1,1,1,1
"298",3.16e+16,3,1,15,3,15
"299",3.17e+16,3,1,11,3,10
"300",3.18e+16,1,0,2,1,2
"301",3.19e+16,1,0,2,1,2
"302",3.22e+16,1,0,4,1,2
"303",3.23e+16,3,2,4,3,4
"304",3.24e+16,2,1,1,0,1
"305",3.25e+16,3,1,18,3,17
"306",3.27e+16,1,0,5,1,5
"307",3.28e+16,3,2,2,1,2
"308",3.29e+16,3,2,4,3,4
"309",3.3e+16,2,0,20,2,14
"310",3.31e+16,1,0,3,1,3
"311",3.34e+16,7,1,39,3,32
"312",3.36e+16,4,2,9,4,9
"313",3.37e+16,1,0,13,1,8
"314",3.41e+16,1,0,2,1,2
"315",3.42e+16,2,0,2,0,2
"316",3.43e+16,2,1,3,2,3
"317",3.44e+16,7,0,3,0,3
"318",3.46e+16,1,0,2,1,2
"319",3.47e+16,8,1,31,1,27
"320",3.48e+16,1,1,1,1,1
"321",3.49e+16,41,3,9,4,9
"322",3.5e+16,1,0,3,1,3
"323",3.52e+16,2,2,2,2,2
"324",3.54e+16,2,1,8,2,8
"325",3.55e+16,7,1,17,2,11
"326",3.57e+16,3,2,4,3,4
"327",3.58e+16,1,0,8,1,5
"328",3.59e+16,3,2,2,1,2
"329",3.6e+16,1,1,1,1,1
"330",3.63e+16,1,1,1,1,1
"331",3.65e+16,2,0,9,2,9
"332",3.67e+16,3,0,11,0,10
"333",3.68e+16,4,2,27,2,20
"334",3.69e+16,5,1,14,2,12
"335",3.71e+16,1,1,1,1,1
"336",3.72e+16,1,1,1,1,1
"337",3.73e+16,4,1,7,2,6
"338",3.75e+16,5,1,3,1,3
"339",3.77e+16,1,1,1,1,1
"340",3.79e+16,3,1,21,1,18
"341",3.83e+16,1,1,1,1,1
"342",3.84e+16,5,2,11,3,9
"343",3.86e+16,4,2,9,2,9
"344",3.87e+16,3,2,18,3,15
"345",3.88e+16,2,2,2,2,2
"346",3.89e+16,3,0,4,1,4
"347",3.9e+16,1,0,2,1,2
"348",3.92e+16,1,0,15,1,15
"349",3.93e+16,1,1,1,1,1
"350",3.94e+16,2,1,19,2,12
"351",3.95e+16,1,1,1,1,1
"352",3.96e+16,2,0,11,2,7
"353",3.97e+16,4,1,7,2,6
"354",3.98e+16,2,2,2,2,2
"355",3.99e+16,1,0,2,1,2
"356",4.01e+16,1,0,69,1,51
"357",4.02e+16,1,1,1,1,1
"358",4.03e+16,30,1,30,3,27
"359",4.05e+16,2,1,6,2,6
"360",4.06e+16,3,1,11,1,9
"361",4.07e+16,3,1,3,1,3
"362",4.08e+16,1,0,14,1,11
"363",4.09e+16,1,1,1,1,1
"364",4.1e+16,15,1,7,0,7
"365",4.11e+16,7,0,23,0,20
"366",4.12e+16,3,0,16,1,14
"367",4.13e+16,6,0,13,2,12
"368",4.14e+16,13,3,8,2,8
"369",4.15e+16,1,1,1,1,1
"370",4.17e+16,4,1,11,2,7
"371",4.18e+16,1,0,3,1,3
"372",4.21e+16,1,0,2,1,2
"373",4.22e+16,3,1,5,1,5
"374",4.24e+16,2,1,7,2,7
"375",4.25e+16,2,1,14,2,12
"376",4.26e+16,11,0,23,0,18
"377",4.28e+16,3,1,19,1,10
"378",4.29e+16,5,3,7,3,5
"379",4.3e+16,2,0,6,2,6
"380",4.31e+16,1,0,2,1,2
"381",4.32e+16,3,1,8,1,8
"382",4.33e+16,2,2,2,2,2
"383",4.34e+16,6,1,13,2,13
"384",4.35e+16,2,2,2,2,2
"385",4.37e+16,4,1,15,1,11
"386",4.38e+16,1,1,1,1,1
"387",4.39e+16,2,1,3,2,3
"388",4.4e+16,2,2,2,2,2
"389",4.41e+16,19,2,6,1,6
"390",4.42e+16,1,1,1,1,1
"391",4.43e+16,1,1,1,1,1
"392",4.45e+16,5,1,8,1,8
"393",4.46e+16,3,2,2,1,2
"394",4.47e+16,1,1,1,1,1
"395",4.48e+16,1,0,3,1,3
"396",4.49e+16,9,3,9,2,7
"397",4.5e+16,2,1,3,2,3
"398",4.51e+16,1,1,1,1,1
"399",4.52e+16,1,0,8,1,8
"400",4.53e+16,1,1,1,1,1
"401",4.55e+16,1,1,1,1,1
"402",4.56e+16,4,0,16,2,15
"403",4.57e+16,3,0,12,1,8
"404",4.58e+16,3,2,12,3,8
"405",4.61e+16,1,1,1,1,1
"406",4.62e+16,1,1,1,1,1
"407",4.63e+16,1,0,8,1,8
"408",4.64e+16,3,1,50,3,38
"409",4.65e+16,2,1,1,0,1
"410",4.66e+16,2,0,7,0,6
"411",4.68e+16,1,1,1,1,1
"412",4.71e+16,71,5,5,1,5
"413",4.75e+16,1,0,7,1,5
"414",4.76e+16,2,1,20,2,16
"415",4.78e+16,2,2,2,2,2
"416",4.79e+16,6,0,8,1,6
"417",4.8e+16,1,0,5,1,5
"418",4.81e+16,1,0,12,1,12
"419",4.83e+16,2,0,6,2,4
"420",4.85e+16,1,0,3,1,2
"421",4.86e+16,1,0,5,1,5
"422",4.87e+16,1,1,1,1,1
"423",4.9e+16,4,2,7,2,7
"424",4.93e+16,1,0,2,1,2
"425",4.94e+16,11,3,3,1,3
"426",4.95e+16,3,2,15,3,13
"427",4.96e+16,1,0,4,1,4
"428",5.01e+16,1,1,1,1,1
"429",5.02e+16,1,1,1,1,1
"430",5.03e+16,1,0,3,1,2
"431",5.06e+16,2,1,3,2,3
"432",5.07e+16,3,2,5,3,5
"433",5.08e+16,19,3,30,1,27
"434",5.1e+16,4,2,11,4,9
"435",5.11e+16,1,1,1,1,1
"436",5.13e+16,2,2,2,2,2
"437",5.14e+16,2,1,5,2,4
"438",5.15e+16,3,1,1,0,1
"439",5.16e+16,1,1,1,1,1
"440",5.17e+16,2,0,17,0,16
"441",5.19e+16,1,1,1,1,1
"442",5.2e+16,2,1,3,2,3
"443",5.21e+16,1,1,1,1,1
"444",5.22e+16,2,1,10,2,10
"445",5.23e+16,4,1,8,2,8
"446",5.24e+16,3,2,5,3,5
"447",5.26e+16,4,0,3,0,3
"448",5.27e+16,1,0,14,1,14
"449",5.28e+16,2,1,6,2,6
"450",5.29e+16,2,1,5,2,3
"451",5.3e+16,1,0,4,1,2
"452",5.31e+16,15,1,29,3,27
"453",5.32e+16,1,0,25,1,21
"454",5.34e+16,1,1,1,1,1
"455",5.35e+16,3,2,7,3,7
"456",5.36e+16,2,1,6,2,6
"457",5.38e+16,1,0,7,1,7
"458",5.39e+16,3,1,8,1,8
"459",5.43e+16,2,0,11,2,9
"460",5.44e+16,6,3,16,4,16
"461",5.45e+16,1,1,1,1,1
"462",5.47e+16,1,0,2,1,2
"463",5.48e+16,1,1,1,1,1
"464",5.49e+16,1,1,1,1,1
"465",5.51e+16,1,1,1,1,1
"466",5.52e+16,1,1,1,1,1
"467",5.53e+16,2,0,13,2,10
"468",5.54e+16,1,0,5,1,5
"469",5.55e+16,2,2,2,2,2
"470",5.56e+16,3,2,12,3,11
"471",5.58e+16,8,1,7,1,7
"472",5.59e+16,1,0,23,1,11
"473",5.61e+16,1,0,6,1,6
"474",5.62e+16,1,0,7,1,5
"475",5.64e+16,3,1,10,3,8
"476",5.66e+16,1,1,1,1,1
"477",5.67e+16,3,0,5,0,5
"478",5.68e+16,1,0,2,1,2
"479",5.69e+16,1,0,7,1,7
"480",5.7e+16,6,0,4,1,4
"481",5.72e+16,2,1,26,2,21
"482",5.73e+16,4,2,22,2,18
"483",5.76e+16,3,1,1,0,1
"484",5.77e+16,3,2,4,3,4
"485",5.79e+16,3,1,1,0,1
"486",5.82e+16,2,1,7,2,6
"487",5.83e+16,3,1,8,1,8
"488",5.84e+16,1,1,1,1,1
"489",5.87e+16,1,1,1,1,1
"490",5.89e+16,2,1,3,2,3
"491",5.91e+16,2,2,2,2,2
"492",5.92e+16,1,1,1,1,1
"493",5.95e+16,2,1,15,2,15
"494",5.96e+16,9,1,12,0,9
"495",5.97e+16,2,2,2,2,2
"496",5.98e+16,2,0,9,2,9
"497",6e+16,1,0,2,1,2
"498",6.01e+16,4,2,11,2,9
"499",6.02e+16,121,5,7,1,7
"500",6.04e+16,2,0,25,2,21
"501",6.05e+16,4,1,37,2,31
"502",6.06e+16,7,3,36,3,27
"503",6.07e+16,1,1,1,1,1
"504",6.09e+16,1,0,4,1,4
"505",6.1e+16,2,1,5,2,4
"506",6.14e+16,3,0,5,1,5
"507",6.15e+16,1,1,1,1,1
"508",6.16e+16,13,2,21,3,20
"509",6.17e+16,2,1,1,0,1
"510",6.18e+16,1,1,1,1,1
"511",6.2e+16,2,0,17,2,17
"512",6.21e+16,1,1,1,1,1
"513",6.22e+16,2,1,5,2,5
"514",6.23e+16,1,1,1,1,1
"515",6.24e+16,1,1,1,1,1
"516",6.25e+16,2,0,4,0,4
"517",6.26e+16,9,2,26,2,25
"518",6.27e+16,1,1,1,1,1
"519",6.28e+16,1,0,8,1,8
"520",6.29e+16,3,0,17,3,12
"521",6.3e+16,1,1,1,1,1
"522",6.31e+16,1,1,1,1,1
"523",6.34e+16,1,0,4,1,2
"524",6.35e+16,4,1,9,1,8
"525",6.36e+16,1,1,1,1,1
"526",6.37e+16,1,1,1,1,1
"527",6.38e+16,1,0,2,1,2
"528",6.39e+16,1,1,1,1,1
"529",6.4e+16,1,1,1,1,1
"530",6.41e+16,2,2,2,2,2
"531",6.42e+16,6,2,8,1,6
"532",6.43e+16,1,0,4,1,4
"533",6.44e+16,1,0,8,1,6
"534",6.45e+16,6,2,9,3,8
"535",6.47e+16,2,1,17,2,15
"536",6.49e+16,1,1,1,1,1
"537",6.5e+16,5,0,9,2,7
"538",6.51e+16,3,1,5,1,5
"539",6.53e+16,3,0,11,1,11
"540",6.54e+16,1,1,1,1,1
"541",6.55e+16,2,1,10,2,9
"542",6.56e+16,3,1,9,1,9
"543",6.57e+16,1,1,1,1,1
"544",6.58e+16,6,3,14,2,10
"545",6.59e+16,3,1,4,1,4
"546",6.6e+16,1,0,4,1,3
"547",6.63e+16,1,1,1,1,1
"548",6.64e+16,1,0,2,1,2
"549",6.65e+16,1,1,1,1,1
"550",6.69e+16,2,1,1,0,1
"551",6.71e+16,1,1,1,1,1
"552",6.72e+16,1,1,1,1,1
"553",6.73e+16,1,1,1,1,1
"554",6.74e+16,2,1,3,2,3
"555",6.75e+16,2,1,10,2,8
"556",6.77e+16,5,1,39,3,34
"557",6.78e+16,2,2,2,2,2
"558",6.8e+16,1,0,3,1,2
"559",6.81e+16,4,2,7,2,5
"560",6.82e+16,2,1,18,2,16
"561",6.86e+16,1,1,1,1,1
"562",6.87e+16,2,2,2,2,2
"563",6.88e+16,3,2,2,1,2
"564",6.89e+16,1,1,1,1,1
"565",6.9e+16,1,1,1,1,1
"566",6.91e+16,1,1,1,1,1
"567",6.92e+16,1,0,2,1,2
"568",6.93e+16,4,2,12,2,8
"569",6.94e+16,10,3,6,2,6
"570",6.95e+16,1,0,23,1,17
"571",6.96e+16,1,0,16,1,14
"572",6.98e+16,2,1,7,2,3
"573",6.99e+16,1,1,1,1,1
"574",7e+16,3,1,3,1,3
"575",7.01e+16,4,0,13,0,4
"576",7.02e+16,1,0,2,1,2
"577",7.03e+16,4,0,5,0,3
"578",7.04e+16,2,2,2,2,2
"579",7.06e+16,8,1,1,0,1
"580",7.07e+16,1,1,1,1,1
"581",7.08e+16,2,1,6,2,6
"582",7.09e+16,3,1,2,0,1
"583",7.1e+16,1,0,8,1,8
"584",7.11e+16,1,0,20,1,19
"585",7.12e+16,1,0,4,1,4
"586",7.14e+16,3,1,12,1,12
"587",7.15e+16,3,2,4,3,4
"588",7.16e+16,1,1,1,1,1
"589",7.17e+16,12,0,33,1,32
"590",7.19e+16,3,0,2,0,2
"591",7.2e+16,1,1,1,1,1
"592",7.22e+16,1,1,1,1,1
"593",7.26e+16,1,0,23,1,18
"594",7.29e+16,1,0,2,1,2
"595",7.3e+16,1,0,8,1,5
"596",7.31e+16,1,1,1,1,1
"597",7.32e+16,1,1,1,1,1
"598",7.33e+16,1,1,1,1,1
"599",7.34e+16,6,3,5,2,5
"600",7.35e+16,1,0,61,1,44
"601",7.36e+16,1,1,1,1,1
"602",7.37e+16,1,1,1,1,1
"603",7.38e+16,3,2,2,1,2
"604",7.39e+16,4,1,10,2,10
"605",7.4e+16,2,2,2,2,2
"606",7.41e+16,2,1,1,0,1
"607",7.42e+16,1,1,1,1,1
"608",7.43e+16,3,0,15,1,12
"609",7.45e+16,5,3,11,3,9
"610",7.47e+16,2,2,2,2,2
"611",7.48e+16,1,0,8,1,8
"612",7.5e+16,1,1,1,1,1
"613",7.52e+16,1,0,69,1,49
"614",7.53e+16,7,4,4,2,4
"615",7.56e+16,2,2,2,2,2
"616",7.57e+16,1,1,1,1,1
"617",7.58e+16,2,1,3,2,3
"618",7.59e+16,3,1,3,1,3
"619",7.61e+16,2,1,8,2,6
"620",7.62e+16,11,2,2,1,2
"621",7.63e+16,3,1,3,1,3
"622",7.64e+16,1,0,13,1,13
"623",7.65e+16,11,4,33,3,27
"624",7.67e+16,1,1,1,1,1
"625",7.68e+16,2,1,16,2,14
"626",7.71e+16,7,1,17,2,14
"627",7.72e+16,1,0,29,1,24
"628",7.8e+16,2,1,9,2,9
"629",7.81e+16,1,0,15,1,13
"630",7.82e+16,6,1,21,1,15
"631",7.84e+16,1,1,1,1,1
"632",7.85e+16,2,1,3,2,3
"633",7.86e+16,8,0,17,2,17
"634",7.87e+16,2,1,1,0,1
"635",7.88e+16,9,0,5,0,5
"636",7.89e+16,1,0,6,1,3
"637",7.92e+16,5,3,6,3,6
"638",7.93e+16,2,1,6,2,6
"639",7.94e+16,1,1,1,1,1
"640",7.95e+16,1,0,12,1,7
"641",7.96e+16,2,1,3,2,3
"642",7.99e+16,2,0,15,0,12
"643",8e+16,2,1,5,2,5
"644",8.01e+16,1,0,3,1,3
"645",8.02e+16,1,1,1,1,1
"646",8.03e+16,3,2,2,1,2
"647",8.04e+16,2,1,14,2,14
"648",8.05e+16,2,2,2,2,2
"649",8.06e+16,1,0,2,1,2
"650",8.07e+16,4,3,3,2,3
"651",8.08e+16,2,2,2,2,2
"652",8.12e+16,2,0,17,0,8
"653",8.13e+16,3,1,4,1,4
"654",8.15e+16,1,1,1,1,1
"655",8.21e+16,1,0,5,1,5
"656",8.22e+16,3,1,33,3,29
"657",8.23e+16,1,0,40,1,28
"658",8.24e+16,3,2,2,1,2
"659",8.28e+16,5,2,27,3,23
"660",8.29e+16,2,0,2,0,2
"661",8.3e+16,1,0,7,1,7
"662",8.31e+16,2,1,1,0,1
"663",8.32e+16,5,1,10,2,10
"664",8.35e+16,3,0,11,0,11
"665",8.37e+16,2,1,8,2,8
"666",8.39e+16,24,3,49,2,33
"667",8.4e+16,1,0,2,1,2
"668",8.41e+16,1,1,1,1,1
"669",8.43e+16,1,1,1,1,1
"670",8.44e+16,1,0,7,1,5
"671",8.45e+16,18,3,3,0,3
"672",8.46e+16,4,2,17,2,16
"673",8.47e+16,10,6,24,5,18
"674",8.48e+16,5,3,3,1,3
"675",8.51e+16,3,1,8,3,8
"676",8.55e+16,2,0,5,2,4
"677",8.56e+16,3,2,2,1,2
"678",8.57e+16,1,1,1,1,1
"679",8.58e+16,10,6,6,3,6
"680",8.59e+16,189,5,17,1,17
"681",8.61e+16,2,0,2,0,1
"682",8.64e+16,5,0,5,0,5
"683",8.65e+16,2,0,17,0,11
"684",8.66e+16,2,2,2,2,2
"685",8.68e+16,4,1,7,2,7
"686",8.69e+16,1,1,1,1,1
"687",8.7e+16,1,1,1,1,1
"688",8.71e+16,5,1,28,1,19
"689",8.72e+16,9,2,11,2,9
"690",8.73e+16,7,1,6,1,6
"691",8.74e+16,7,0,12,2,12
"692",8.75e+16,1,1,1,1,1
"693",8.78e+16,2,2,2,2,2
"694",8.8e+16,2,0,15,2,12
"695",8.81e+16,1,1,1,1,1
"696",8.82e+16,6,1,5,1,5
"697",8.83e+16,4,2,2,1,2
"698",8.85e+16,2,1,1,0,1
"699",8.86e+16,1,0,46,1,40
"700",8.87e+16,8,0,5,0,5
"701",8.88e+16,1,1,1,1,1
"702",8.9e+16,2,0,10,2,10
"703",8.91e+16,2,2,2,2,2
"704",8.92e+16,2,1,2,0,1
"705",8.94e+16,1,0,7,1,7
"706",8.95e+16,1,1,1,1,1
"707",8.96e+16,1,1,1,1,1
"708",8.97e+16,2,1,27,2,22
"709",9e+16,54,1,13,1,10
"710",9.01e+16,3,1,1,0,1
"711",9.03e+16,1,0,7,1,7
"712",9.05e+16,2,1,1,0,1
"713",9.06e+16,1,1,1,1,1
"714",9.07e+16,1,0,8,1,8
"715",9.08e+16,2,1,28,2,23
"716",9.09e+16,1,0,4,1,4
"717",9.1e+16,1,1,1,1,1
"718",9.11e+16,32,1,52,0,25
"719",9.12e+16,1,1,1,1,1
"720",9.17e+16,8,3,11,3,10
"721",9.18e+16,1,1,1,1,1
"722",9.2e+16,1,1,1,1,1
"723",9.21e+16,1,0,12,1,9
"724",9.23e+16,1,1,1,1,1
"725",9.26e+16,10,3,5,1,3
"726",9.28e+16,1,0,5,1,5
"727",9.3e+16,1,0,2,1,2
"728",9.31e+16,1,1,1,1,1
"729",9.32e+16,3,0,29,3,24
"730",9.33e+16,2,1,5,2,5
"731",9.35e+16,5,2,8,3,8
"732",9.36e+16,1,1,1,1,1
"733",9.37e+16,4,2,8,2,8
"734",9.38e+16,3,0,4,0,4
"735",9.4e+16,3,2,7,3,5
"736",9.41e+16,2,0,58,2,50
"737",9.42e+16,2,1,1,0,1
"738",9.43e+16,3,2,7,3,6
"739",9.45e+16,1,1,1,1,1
"740",9.46e+16,2,2,2,2,2
"741",9.47e+16,2,1,1,0,1
"742",9.5e+16,6,1,1,0,1
"743",9.51e+16,4,3,3,2,3
"744",9.53e+16,6,0,11,0,11
"745",9.55e+16,2,0,42,2,32
"746",9.56e+16,2,2,2,2,2
"747",9.57e+16,1,0,16,1,11
"748",9.58e+16,4,3,22,4,15
"749",9.59e+16,17,0,10,0,10
"750",9.6e+16,1,1,1,1,1
"751",9.61e+16,1,0,14,1,9
"752",9.63e+16,1,0,11,1,11
"753",9.65e+16,2,2,2,2,2
"754",9.66e+16,2,0,14,2,12
"755",9.67e+16,1,0,4,1,4
"756",9.68e+16,13,1,29,1,25
"757",9.71e+16,6,0,62,1,33
"758",9.73e+16,1,1,1,1,1
"759",9.74e+16,4,0,29,2,21
"760",9.76e+16,7,2,60,3,36
"761",9.81e+16,1,0,2,1,2
"762",9.82e+16,1,1,1,1,1
"763",9.83e+16,3,1,8,3,8
"764",9.85e+16,2,1,3,2,3
"765",9.87e+16,1,0,4,1,4
"766",9.88e+16,1,0,7,1,6
"767",9.9e+16,1,0,8,1,4
"768",9.91e+16,1,1,1,1,1
"769",9.94e+16,2,0,37,0,22
"770",9.95e+16,1,0,3,1,3
"771",9.96e+16,1,1,1,1,1
"772",9.97e+16,3,0,35,1,24
"773",9.98e+16,1,1,1,1,1
"774",9.99e+16,3,2,2,1,2
"775",1e+17,4,3,18,4,17
"776",1.01e+17,20,5,34,5,30
"777",1.02e+17,14,6,23,7,19
"778",1.03e+17,30,8,104,12,88
"779",1.04e+17,18,6,77,11,71
"780",1.05e+17,15,5,13,6,13
"781",1.06e+17,17,7,50,10,39
"782",1.07e+17,8,5,13,6,13
"783",1.08e+17,9,2,69,4,53
"784",1.09e+17,9,2,30,7,24
"785",1.1e+17,11,3,20,5,17
"786",1.11e+17,5,3,7,5,6
"787",1.12e+17,11,5,36,5,34
"788",1.13e+17,9,7,30,9,23
"789",1.14e+17,8,3,33,6,30
"790",1.15e+17,9,3,33,7,29
"791",1.16e+17,8,3,8,3,7
"792",1.17e+17,9,5,19,7,19
"793",1.18e+17,8,7,16,8,16
"794",1.19e+17,23,8,29,8,22
"795",1.2e+17,8,5,18,8,16
"796",1.21e+17,117,6,57,7,49
"797",1.22e+17,26,7,98,11,89
"798",1.23e+17,6,3,44,6,30
"799",1.24e+17,405,8,176,7,128
"800",1.25e+17,39,3,91,2,84
"801",1.26e+17,7,3,14,5,14
"802",1.27e+17,29,3,68,6,53
"803",1.28e+17,33,8,27,8,27
"804",1.29e+17,28,8,67,7,56
"805",1.3e+17,28,3,57,12,48
"806",1.31e+17,21,8,28,8,26
"807",1.32e+17,34,4,69,6,47
"808",1.33e+17,7,4,16,7,15
"809",1.34e+17,18,5,21,6,21
"810",1.35e+17,9,6,39,7,34
"811",1.36e+17,11,2,35,6,27
"812",1.37e+17,15,2,56,6,43
"813",1.38e+17,13,7,17,5,15
"814",1.39e+17,14,10,26,12,26
"815",1.4e+17,50,4,36,4,25
"816",1.41e+17,17,4,70,5,51
"817",1.42e+17,25,8,23,7,22
"818",1.43e+17,30,9,17,5,17
"819",1.44e+17,19,5,37,3,36
"820",1.45e+17,7,5,6,4,5
"821",1.46e+17,5,2,16,5,13
"822",1.47e+17,11,2,73,7,56
"823",1.48e+17,27,4,113,8,90
"824",1.49e+17,11,4,23,9,20
"825",1.5e+17,10,5,17,4,13
"826",1.51e+17,9,4,80,7,65
"827",1.52e+17,6,2,5,2,5
"828",1.53e+17,15,5,41,9,37
"829",1.54e+17,6,3,28,6,20
"830",1.55e+17,10,4,14,5,12
"831",1.56e+17,14,4,12,5,12
"832",1.57e+17,128,8,44,5,32
"833",1.58e+17,16,4,46,9,39
"834",1.59e+17,9,3,15,4,15
"835",1.6e+17,19,7,63,10,45
"836",1.61e+17,10,4,29,8,24
"837",1.62e+17,9,2,45,5,32
"838",1.63e+17,8,6,13,8,13
"839",1.64e+17,6,2,41,6,34
"840",1.65e+17,7,3,14,5,14
"841",1.66e+17,6,3,23,6,18
"842",1.67e+17,11,2,38,5,38
"843",1.68e+17,9,0,57,9,51
"844",1.69e+17,11,2,17,4,17
"845",1.7e+17,12,2,27,5,24
"846",1.71e+17,6,4,9,6,9
"847",1.72e+17,8,3,18,5,17
"848",1.73e+17,11,3,22,4,22
"849",1.74e+17,9,2,100,7,64
"850",1.75e+17,32,6,16,5,14
"851",1.76e+17,18,3,118,7,80
"852",1.77e+17,13,1,46,5,36
"853",1.78e+17,12,5,20,8,20
"854",1.79e+17,15,5,28,8,22
"855",1.8e+17,9,3,27,6,22
"856",1.81e+17,42,1,52,2,42
"857",1.82e+17,9,3,28,4,27
"858",1.83e+17,7,3,13,5,12
"859",1.84e+17,23,9,20,8,20
"860",1.85e+17,640,14,37,6,34
"861",1.86e+17,12,7,21,7,16
"862",1.87e+17,9,3,40,5,31
"863",1.88e+17,25,6,63,9,42
"864",1.89e+17,5,3,12,5,12
"865",1.9e+17,5,2,9,5,9
"866",1.91e+17,7,2,74,5,60
"867",1.92e+17,6,3,28,6,23
"868",1.93e+17,6,1,30,4,29
"869",1.94e+17,7,4,16,7,11
"870",1.95e+17,10,6,28,10,22
"871",1.96e+17,19,5,40,8,31
"872",1.97e+17,5,4,6,5,6
"873",1.98e+17,11,6,22,7,20
"874",1.99e+17,8,4,8,5,8
"875",2e+17,14,4,28,6,27
"876",2.01e+17,6,3,26,4,23
"877",2.02e+17,6,3,14,6,13
"878",2.03e+17,48,3,28,4,25
"879",2.04e+17,9,6,23,7,21
"880",2.05e+17,6,4,11,6,11
"881",2.06e+17,36,5,29,4,28
"882",2.07e+17,12,4,22,8,20
"883",2.08e+17,13,2,46,6,43
"884",2.09e+17,10,5,8,5,8
"885",2.1e+17,13,2,122,6,90
"886",2.11e+17,13,4,82,6,61
"887",2.12e+17,14,9,22,10,18
"888",2.13e+17,5,3,10,5,10
"889",2.14e+17,3,2,5,3,5
"890",2.15e+17,4,1,4,1,4
"891",2.16e+17,35,9,58,12,48
"892",2.17e+17,19,2,19,4,19
"893",2.18e+17,28,3,46,7,44
"894",2.19e+17,20,5,51,5,36
"895",2.2e+17,6,1,30,4,29
"896",2.21e+17,17,2,8,2,7
"897",2.22e+17,219,11,44,7,39
"898",2.23e+17,11,5,80,9,64
"899",2.24e+17,15,5,25,6,23
"900",2.25e+17,50,8,12,7,12
"901",2.26e+17,22,6,49,6,37
"902",2.27e+17,10,4,14,5,14
"903",2.28e+17,27,2,37,3,32
"904",2.29e+17,31,7,170,8,113
"905",2.3e+17,7,5,105,7,81
"906",2.31e+17,22,9,38,13,32
"907",2.32e+17,1045,7,53,6,45
"908",2.33e+17,11,7,57,9,45
"909",2.34e+17,16,11,47,12,38
"910",2.35e+17,4,1,76,4,54
"911",2.36e+17,10,1,30,4,27
"912",2.37e+17,11,5,44,7,37
"913",2.38e+17,18,4,49,9,44
"914",2.39e+17,4,3,8,4,7
"915",2.4e+17,7,1,51,7,45
"916",2.41e+17,16,5,56,7,41
"917",2.42e+17,25,7,82,11,67
"918",2.43e+17,9,5,17,5,14
"919",2.44e+17,12,5,21,7,17
"920",2.45e+17,13,4,25,6,22
"921",2.46e+17,12,3,39,4,29
"922",2.47e+17,8,2,40,8,36
"923",2.48e+17,13,6,43,9,39
"924",2.49e+17,5,4,6,5,6
"925",2.5e+17,22,6,44,7,37
"926",2.51e+17,73,4,32,5,25
"927",2.52e+17,25,2,54,6,44
"928",2.53e+17,10,5,27,8,20
"929",2.54e+17,5,2,6,3,6
"930",2.55e+17,3,1,11,3,11
"931",2.56e+17,13,6,24,6,22
"932",2.57e+17,26,4,109,8,95
"933",2.58e+17,5,2,7,1,5
"934",2.59e+17,10,4,33,5,27
"935",2.6e+17,20,3,80,9,72
"936",2.61e+17,26,8,33,10,28
"937",2.62e+17,8,0,13,2,13
"938",2.63e+17,16,4,34,7,27
"939",2.64e+17,21,6,37,7,34
"940",2.65e+17,9,5,38,7,33
"941",2.66e+17,46,7,64,9,44
"942",2.67e+17,10,2,30,8,27
"943",2.68e+17,97,2,49,7,47
"944",2.69e+17,13,3,47,9,39
"945",2.7e+17,16,7,42,13,38
"946",2.71e+17,11,2,21,8,21
"947",2.72e+17,12,1,37,3,29
"948",2.73e+17,12,5,57,12,44
"949",2.74e+17,14,5,103,12,64
"950",2.75e+17,5,1,41,5,30
"951",2.76e+17,4,2,14,4,12
"952",2.77e+17,13,7,25,6,24
"953",2.78e+17,13,6,30,9,26
"954",2.79e+17,9,6,16,7,16
"955",2.8e+17,13,2,28,5,28
"956",2.81e+17,4,3,6,4,6
"957",2.82e+17,14,3,22,4,22
"958",2.83e+17,7,3,33,5,30
"959",2.84e+17,14,4,41,5,34
"960",2.85e+17,15,3,59,8,46
"961",2.86e+17,16,2,23,6,18
"962",2.87e+17,10,3,34,6,33
"963",2.88e+17,7,4,61,7,52
"964",2.89e+17,7,1,23,7,15
"965",2.9e+17,5,0,19,5,16
"966",2.91e+17,40,8,58,9,48
"967",2.92e+17,7,3,13,7,13
"968",2.93e+17,6,3,21,4,13
"969",2.94e+17,13,3,46,8,37
"970",2.95e+17,13,3,41,5,38
"971",2.96e+17,5,2,58,3,44
"972",2.97e+17,46,10,75,12,57
"973",2.98e+17,11,3,24,6,23
"974",2.99e+17,13,3,68,6,48
"975",3e+17,2,1,10,2,10
"976",3.01e+17,7,5,14,7,14
"977",3.02e+17,12,3,66,5,54
"978",3.03e+17,25,10,82,14,76
"979",3.04e+17,10,3,40,6,34
"980",3.05e+17,5,4,8,5,8
"981",3.06e+17,10,6,25,6,19
"982",3.07e+17,6,5,5,4,5
"983",3.08e+17,18,6,55,7,44
"984",3.09e+17,81,3,312,6,244
"985",3.1e+17,5,0,19,3,19
"986",3.11e+17,9,6,17,7,13
"987",3.12e+17,4,2,7,4,7
"988",3.13e+17,28,4,17,4,17
"989",3.14e+17,10,7,32,8,26
"990",3.15e+17,29,6,28,9,27
"991",3.16e+17,6,1,29,4,24
"992",3.17e+17,11,3,52,4,43
"993",3.18e+17,6,2,39,4,25
"994",3.19e+17,45,8,124,11,101
"995",3.2e+17,12,5,16,5,14
"996",3.21e+17,24,5,16,5,12
"997",3.22e+17,9,7,9,7,9
"998",3.23e+17,20,7,57,10,51
"999",3.24e+17,7,0,33,7,26
"1000",3.25e+17,20,5,31,8,27
"1001",3.26e+17,9,3,23,5,19
"1002",3.27e+17,2,1,3,2,3
"1003",3.28e+17,13,7,13,6,12
"1004",3.29e+17,33,4,62,10,59
"1005",3.3e+17,7,4,31,7,23
"1006",3.31e+17,10,4,11,5,11
"1007",3.32e+17,7,4,15,5,14
"1008",3.33e+17,19,8,27,10,26
"1009",3.34e+17,7,3,12,5,10
"1010",3.35e+17,14,5,26,7,23
"1011",3.36e+17,7,4,9,4,9
"1012",3.37e+17,5,1,36,5,22
"1013",3.38e+17,12,6,46,10,44
"1014",3.39e+17,7,5,16,7,15
"1015",3.4e+17,12,7,37,10,34
"1016",3.41e+17,18,8,25,5,21
"1017",3.42e+17,10,4,30,8,30
"1018",3.43e+17,32,14,55,13,48
"1019",3.44e+17,14,3,33,3,24
"1020",3.45e+17,9,5,25,9,20
"1021",3.46e+17,72,6,52,5,46
"1022",3.47e+17,3,1,15,3,15
"1023",3.48e+17,1001,10,76,8,69
"1024",3.49e+17,14,2,97,8,84
"1025",3.5e+17,10,2,78,6,52
"1026",3.51e+17,6,3,14,4,12
"1027",3.52e+17,23,4,179,3,122
"1028",3.53e+17,30,6,42,5,35
"1029",3.54e+17,14,5,14,5,14
"1030",3.55e+17,12,5,5,1,5
"1031",3.56e+17,11,5,24,6,20
"1032",3.57e+17,6,3,11,4,11
"1033",3.58e+17,18,3,31,4,29
"1034",3.59e+17,7,1,35,3,29
"1035",3.6e+17,6,1,40,4,30
"1036",3.61e+17,14,3,40,6,34
"1037",3.62e+17,8,4,22,6,20
"1038",3.63e+17,6,0,31,2,24
"1039",3.64e+17,11,6,26,8,20
"1040",3.65e+17,11,7,17,9,17
"1041",3.66e+17,2,2,2,2,2
"1042",3.67e+17,31,4,75,6,60
"1043",3.68e+17,17,7,116,11,86
"1044",3.69e+17,1,0,9,1,8
"1045",3.7e+17,8,3,13,6,13
"1046",3.71e+17,30,8,42,8,28
"1047",3.72e+17,18,6,17,5,17
"1048",3.73e+17,33,9,15,9,15
"1049",3.74e+17,12,3,57,6,42
"1050",3.75e+17,15,4,86,8,74
"1051",3.76e+17,6,5,15,6,12
"1052",3.77e+17,84,10,100,14,84
"1053",3.78e+17,17,5,108,6,78
"1054",3.79e+17,16,1,132,4,55
"1055",3.8e+17,5,4,8,5,8
"1056",3.81e+17,6,2,12,4,12
"1057",3.82e+17,23,6,28,8,21
"1058",3.83e+17,7,4,23,5,20
"1059",3.84e+17,5,3,12,5,10
"1060",3.85e+17,13,8,52,11,42
"1061",3.86e+17,17,6,41,10,37
"1062",3.87e+17,10,6,59,10,45
"1063",3.88e+17,10,3,98,8,68
"1064",3.89e+17,9,2,46,9,44
"1065",3.9e+17,14,7,10,6,10
"1066",3.91e+17,32,11,40,9,31
"1067",3.92e+17,9,3,19,7,15
"1068",3.93e+17,6,4,40,4,26
"1069",3.94e+17,12,7,14,8,14
"1070",3.95e+17,13,4,60,11,58
"1071",3.96e+17,8,2,31,6,29
"1072",3.97e+17,31,6,25,3,22
"1073",3.98e+17,23,3,45,7,32
"1074",3.99e+17,6,4,17,6,15
"1075",4e+17,35,9,105,15,87
"1076",4.01e+17,27,8,26,8,24
"1077",4.02e+17,4,3,7,4,7
"1078",4.03e+17,7,5,8,5,7
"1079",4.04e+17,19,8,29,8,29
"1080",4.05e+17,20,7,84,13,72
"1081",4.06e+17,4,1,10,2,10
"1082",4.07e+17,12,3,38,7,33
"1083",4.08e+17,12,8,19,10,19
"1084",4.09e+17,15,3,41,6,28
"1085",4.1e+17,15,3,15,5,12
"1086",4.11e+17,24,7,60,10,54
"1087",4.12e+17,15,4,13,7,12
"1088",4.13e+17,3,1,17,3,17
"1089",4.14e+17,15,8,62,10,56
"1090",4.15e+17,17,7,52,10,45
"1091",4.16e+17,9,4,11,5,11
"1092",4.17e+17,20,5,104,8,80
"1093",4.18e+17,17,6,86,15,63
"1094",4.19e+17,6,4,20,6,14
"1095",4.2e+17,6,2,6,2,6
"1096",4.21e+17,19,7,43,8,37
"1097",4.22e+17,12,3,27,7,24
"1098",4.23e+17,40,7,51,10,50
"1099",4.24e+17,10,1,40,5,39
"1100",4.25e+17,15,1,54,6,46
"1101",4.26e+17,7,2,30,7,29
"1102",4.28e+17,8,4,15,6,13
"1103",4.29e+17,18,9,41,10,37
"1104",4.3e+17,6,3,7,2,6
"1105",4.31e+17,6,3,13,6,13
"1106",4.32e+17,11,5,21,6,19
"1107",4.33e+17,6,3,9,4,9
"1108",4.34e+17,6,0,19,4,19
"1109",4.35e+17,14,5,19,6,17
"1110",4.36e+17,32,10,52,9,48
"1111",4.37e+17,9,3,25,9,21
"1112",4.38e+17,18,2,48,3,34
"1113",4.39e+17,15,4,21,6,19
"1114",4.4e+17,23,3,47,4,38
"1115",4.41e+17,14,6,39,7,34
"1116",4.42e+17,6,3,12,2,10
"1117",4.43e+17,10,6,17,8,13
"1118",4.44e+17,25,8,36,8,33
"1119",4.45e+17,6,4,15,6,13
"1120",4.46e+17,7,1,41,7,35
"1121",4.47e+17,41,5,107,9,82
"1122",4.48e+17,34,6,39,9,32
"1123",4.49e+17,13,8,20,11,20
"1124",4.5e+17,9,4,26,7,26
"1125",4.51e+17,10,4,177,5,132
"1126",4.52e+17,19,4,36,6,31
"1127",4.53e+17,18,10,29,11,26
"1128",4.54e+17,19,1,56,3,40
"1129",4.55e+17,7,3,44,7,29
"1130",4.56e+17,19,6,57,14,46
"1131",4.57e+17,8,5,24,6,19
"1132",4.58e+17,23,5,313,14,183
"1133",4.59e+17,104,13,148,13,119
"1134",4.6e+17,816,3,82,7,66
"1135",4.61e+17,4,3,9,4,9
"1136",4.62e+17,6,3,32,6,27
"1137",4.63e+17,10,6,25,10,23
"1138",4.64e+17,17,4,20,6,20
"1139",4.65e+17,6,3,18,4,16
"1140",4.66e+17,71,4,61,7,48
"1141",4.67e+17,12,2,41,6,32
"1142",4.68e+17,9,6,19,9,16
"1143",4.69e+17,6,5,10,6,8
"1144",4.7e+17,14,7,56,12,45
"1145",4.71e+17,8,2,45,6,38
"1146",4.72e+17,1,0,10,1,6
"1147",4.73e+17,13,4,65,8,59
"1148",4.74e+17,12,3,54,7,49
"1149",4.75e+17,19,6,38,8,30
"1150",4.76e+17,8,3,21,6,19
"1151",4.77e+17,15,8,31,10,30
"1152",4.78e+17,32,7,47,6,37
"1153",4.79e+17,17,3,32,7,28
"1154",4.8e+17,13,4,15,4,14
"1155",4.81e+17,170,6,18,6,16
"1156",4.82e+17,12,3,27,6,25
"1157",4.83e+17,7,2,84,7,58
"1158",4.84e+17,5,3,8,5,8
"1159",4.85e+17,6,2,26,6,21
"1160",4.86e+17,5,2,11,5,9
"1161",4.87e+17,16,5,84,11,79
"1162",4.88e+17,38,4,28,7,24
"1163",4.89e+17,28,7,48,8,43
"1164",4.9e+17,7,0,21,4,21
"1165",4.91e+17,6,4,8,6,8
"1166",4.92e+17,11,5,51,9,49
"1167",4.93e+17,14,4,53,10,47
"1168",4.94e+17,5,3,23,5,19
"1169",4.95e+17,9,4,110,6,76
"1170",4.96e+17,102,5,22,5,22
"1171",4.97e+17,3,1,30,3,27
"1172",4.98e+17,46,10,39,9,34
"1173",4.99e+17,23,1,47,6,42
"1174",5e+17,5,3,7,5,7
"1175",5.01e+17,6,3,30,6,25
"1176",5.02e+17,19,8,46,10,36
"1177",5.03e+17,8,3,23,8,21
"1178",5.04e+17,17,8,47,12,47
"1179",5.05e+17,8,6,12,8,12
"1180",5.06e+17,4,3,6,4,6
"1181",5.07e+17,15,7,37,10,31
"1182",5.08e+17,28,2,52,4,44
"1183",5.09e+17,8,6,20,8,19
"1184",5.1e+17,14,4,15,5,13
"1185",5.11e+17,17,8,49,9,37
"1186",5.12e+17,14,4,32,10,29
"1187",5.13e+17,12,3,25,5,21
"1188",5.14e+17,6,4,17,4,15
"1189",5.15e+17,26,5,28,4,28
"1190",5.16e+17,3,2,2,1,2
"1191",5.17e+17,7,5,10,7,10
"1192",5.18e+17,8,1,47,6,38
"1193",5.19e+17,17,5,25,4,21
"1194",5.2e+17,15,1,80,6,76
"1195",5.21e+17,7,3,17,5,14
"1196",5.22e+17,13,6,13,6,13
"1197",5.23e+17,6,1,9,1,9
"1198",5.24e+17,40,3,67,9,55
"1199",5.25e+17,11,5,27,5,26
"1200",5.26e+17,12,6,30,10,30
"1201",5.27e+17,23,9,40,7,34
"1202",5.28e+17,5,2,11,5,11
"1203",5.29e+17,137,9,61,10,52
"1204",5.3e+17,6,3,18,2,18
"1205",5.31e+17,24,5,61,11,51
"1206",5.32e+17,8,4,25,5,20
"1207",5.33e+17,32,4,65,7,57
"1208",5.34e+17,5,3,42,5,34
"1209",5.35e+17,15,5,17,5,17
"1210",5.36e+17,15,4,31,7,31
"1211",5.37e+17,12,6,24,9,24
"1212",5.38e+17,25,9,62,9,53
"1213",5.39e+17,7,5,16,7,14
"1214",5.4e+17,7,3,22,7,22
"1215",5.41e+17,16,6,31,8,27
"1216",5.42e+17,22,4,39,6,32
"1217",5.43e+17,45,6,45,7,41
"1218",5.44e+17,10,5,10,3,8
"1219",5.45e+17,6,1,22,3,19
"1220",5.46e+17,7,3,20,5,17
"1221",5.47e+17,10,4,30,6,27
"1222",5.48e+17,25,6,155,10,124
"1223",5.49e+17,16,4,48,8,40
"1224",5.5e+17,13,1,28,5,27
"1225",5.51e+17,6,4,21,4,18
"1226",5.52e+17,3,2,2,1,2
"1227",5.53e+17,3,2,4,3,4
"1228",5.54e+17,186,6,20,3,15
"1229",5.55e+17,34,4,8,2,8
"1230",5.56e+17,4,0,24,4,24
"1231",5.57e+17,9,4,33,9,31
"1232",5.58e+17,13,7,36,11,34
"1233",5.59e+17,171,5,17,2,15
"1234",5.6e+17,12,6,104,10,78
"1235",5.61e+17,7,4,11,3,11
"1236",5.62e+17,12,3,25,6,23
"1237",5.63e+17,15,6,74,8,58
"1238",5.64e+17,12,3,7,2,7
"1239",5.65e+17,16,8,25,10,25
"1240",5.66e+17,7,4,16,5,15
"1241",5.67e+17,11,5,13,6,13
"1242",5.68e+17,15,3,31,6,24
"1243",5.69e+17,21,5,27,8,26
"1244",5.7e+17,15,8,34,11,33
"1245",5.71e+17,15,3,35,8,34
"1246",5.72e+17,20,8,96,11,76
"1247",5.73e+17,36,3,42,7,34
"1248",5.74e+17,23,3,61,4,44
"1249",5.75e+17,12,4,26,6,23
"1250",5.76e+17,16,6,42,11,37
"1251",5.77e+17,14,3,64,4,52
"1252",5.78e+17,7,2,34,5,29
"1253",5.79e+17,12,3,53,6,38
"1254",5.8e+17,28,10,27,9,26
"1255",5.81e+17,10,3,28,5,26
"1256",5.82e+17,12,7,70,12,53
"1257",5.83e+17,52,11,86,10,70
"1258",5.84e+17,130,3,70,4,50
"1259",5.85e+17,32,5,51,8,42
"1260",5.86e+17,23,5,65,6,56
"1261",5.87e+17,12,3,29,5,22
"1262",5.88e+17,3,2,6,3,4
"1263",5.89e+17,4,1,10,4,10
"1264",5.9e+17,19,6,66,7,51
"1265",5.91e+17,13,6,77,11,60
"1266",5.92e+17,8,1,35,6,26
"1267",5.93e+17,12,5,30,6,29
"1268",5.94e+17,6,1,72,6,51
"1269",5.95e+17,6,3,27,6,25
"1270",5.96e+17,21,8,44,10,37
"1271",5.97e+17,12,6,6,3,6
"1272",5.98e+17,23,5,38,6,30
"1273",5.99e+17,11,5,27,8,23
"1274",6e+17,67,5,20,5,16
"1275",6.01e+17,10,4,73,10,68
"1276",6.02e+17,8,4,32,8,29
"1277",6.03e+17,650,12,42,6,38
"1278",6.04e+17,145,8,74,8,71
"1279",6.05e+17,32,12,97,16,83
"1280",6.06e+17,31,7,39,8,32
"1281",6.07e+17,20,5,20,5,20
"1282",6.08e+17,9,2,24,4,20
"1283",6.09e+17,11,3,40,4,31
"1284",6.1e+17,8,3,42,8,39
"1285",6.11e+17,14,3,35,5,33
"1286",6.12e+17,10,3,29,10,25
"1287",6.13e+17,7,5,13,7,12
"1288",6.14e+17,8,6,8,6,8
"1289",6.15e+17,20,7,37,9,35
"1290",6.16e+17,31,5,38,9,34
"1291",6.17e+17,50,5,105,2,71
"1292",6.18e+17,10,6,41,8,37
"1293",6.19e+17,9,5,39,9,35
"1294",6.2e+17,8,2,24,8,20
"1295",6.21e+17,10,5,25,8,22
"1296",6.22e+17,9,3,22,3,19
"1297",6.23e+17,13,4,57,9,46
"1298",6.24e+17,24,2,39,8,37
"1299",6.25e+17,62,6,36,4,34
"1300",6.26e+17,16,3,21,5,20
"1301",6.27e+17,6,3,22,6,17
"1302",6.28e+17,14,6,46,6,31
"1303",6.29e+17,8,4,16,8,16
"1304",6.3e+17,9,3,106,4,70
"1305",6.31e+17,8,6,16,8,16
"1306",6.32e+17,9,4,156,9,102
"1307",6.33e+17,6,1,12,4,11
"1308",6.34e+17,9,6,18,9,15
"1309",6.35e+17,15,4,59,13,56
"1310",6.36e+17,30,7,17,5,14
"1311",6.37e+17,9,3,14,4,12
"1312",6.38e+17,52,7,111,9,99
"1313",6.39e+17,16,4,48,9,42
"1314",6.4e+17,34,7,15,8,15
"1315",6.41e+17,18,5,65,8,45
"1316",6.42e+17,9,3,19,5,19
"1317",6.43e+17,12,7,14,8,14
"1318",6.44e+17,13,7,68,11,57
"1319",6.45e+17,15,4,22,8,20
"1320",6.46e+17,17,6,41,13,39
"1321",6.47e+17,9,2,64,9,53
"1322",6.48e+17,18,5,22,5,22
"1323",6.49e+17,6,4,19,4,17
"1324",6.5e+17,5,3,14,5,12
"1325",6.51e+17,7,3,17,4,17
"1326",6.52e+17,4,4,4,4,4
"1327",6.53e+17,8,4,25,6,23
"1328",6.54e+17,9,3,37,7,35
"1329",6.55e+17,11,5,58,6,37
"1330",6.56e+17,23,2,24,3,20
"1331",6.57e+17,10,6,20,10,18
"1332",6.58e+17,9,6,27,9,24
"1333",6.59e+17,10,3,53,8,41
"1334",6.6e+17,8,4,26,8,20
"1335",6.61e+17,11,4,27,7,24
"1336",6.62e+17,13,4,26,9,25
"1337",6.63e+17,9,2,28,5,25
"1338",6.64e+17,11,7,45,11,36
"1339",6.65e+17,5,4,22,5,17
"1340",6.66e+17,7,4,13,7,12
"1341",6.67e+17,14,4,35,7,35
"1342",6.68e+17,64,11,58,10,49
"1343",6.69e+17,5,2,35,5,24
"1344",6.7e+17,9,3,21,5,16
"1345",6.71e+17,37,6,56,8,48
"1346",6.72e+17,6,1,49,6,30
"1347",6.73e+17,13,2,28,7,27
"1348",6.74e+17,30,9,81,8,58
"1349",6.75e+17,84,8,36,7,34
"1350",6.76e+17,8,6,11,8,11
"1351",6.77e+17,35,4,91,5,81
"1352",6.78e+17,140,7,30,5,25
"1353",6.79e+17,9,2,79,7,73
"1354",6.8e+17,74,9,25,8,24
"1355",6.81e+17,9,5,23,5,20
"1356",6.82e+17,4,2,13,4,11
"1357",6.83e+17,8,6,10,8,10
"1358",6.84e+17,12,6,21,7,18
"1359",6.85e+17,8,2,28,8,24
"1360",6.86e+17,9,7,12,7,10
"1361",6.87e+17,12,3,39,5,36
"1362",6.88e+17,8,4,9,3,8
"1363",6.89e+17,34,1,84,5,63
"1364",6.9e+17,9,4,21,5,20
"1365",6.91e+17,9,2,39,9,33
"1366",6.92e+17,14,3,26,7,22
"1367",6.93e+17,19,5,51,10,46
"1368",6.94e+17,13,4,32,4,29
"1369",6.95e+17,16,5,56,10,51
"1370",6.96e+17,12,6,49,10,42
"1371",6.97e+17,19,3,62,9,57
"1372",6.98e+17,7,2,45,7,41
"1373",6.99e+17,5,3,13,3,12
"1374",7e+17,11,4,26,6,23
"1375",7.01e+17,12,2,25,5,23
"1376",7.02e+17,12,4,45,10,41
"1377",7.03e+17,3,1,9,3,9
"1378",7.04e+17,41,4,43,5,33
"1379",7.05e+17,6,5,29,6,20
"1380",7.06e+17,443,6,130,5,108
"1381",7.07e+17,57,10,22,8,20
"1382",7.08e+17,23,5,43,6,40
"1383",7.09e+17,18,3,19,3,15
"1384",7.1e+17,15,6,41,5,38
"1385",7.11e+17,13,4,23,8,21
"1386",7.12e+17,15,6,36,6,31
"1387",7.13e+17,21,10,30,11,26
"1388",7.14e+17,11,7,16,7,15
"1389",7.15e+17,11,3,30,7,27
"1390",7.16e+17,11,4,19,7,19
"1391",7.17e+17,21,6,28,4,24
"1392",7.18e+17,2,1,3,2,3
"1393",7.19e+17,38,10,61,9,55
"1394",7.2e+17,12,5,41,8,32
"1395",7.21e+17,8,5,16,6,16
"1396",7.22e+17,11,8,19,9,18
"1397",7.23e+17,63,5,5,2,5
"1398",7.24e+17,26,7,27,6,23
"1399",7.25e+17,13,7,49,9,42
"1400",7.26e+17,5,3,13,5,11
"1401",7.27e+17,5,3,12,5,9
"1402",7.28e+17,17,7,52,6,34
"1403",7.29e+17,4,1,11,4,9
"1404",7.3e+17,6,4,21,6,17
"1405",7.31e+17,7,3,28,7,21
"1406",7.32e+17,53,6,59,8,57
"1407",7.33e+17,7,6,6,5,6
"1408",7.34e+17,10,5,30,7,28
"1409",7.35e+17,27,9,40,13,36
"1410",7.36e+17,6,1,72,4,50
"1411",7.37e+17,15,7,30,6,26
"1412",7.38e+17,4,3,3,2,3
"1413",7.39e+17,15,5,7,5,7
"1414",7.4e+17,51,7,23,6,23
"1415",7.41e+17,51,3,59,3,48
"1416",7.42e+17,12,7,22,8,22
"1417",7.43e+17,6,4,13,6,10
"1418",7.44e+17,5,2,22,5,18
"1419",7.45e+17,13,9,23,9,21
"1420",7.46e+17,14,0,113,7,78
"1421",7.47e+17,11,4,30,9,25
"1422",7.48e+17,35,8,43,10,36
"1423",7.49e+17,8,3,45,6,38
"1424",7.5e+17,11,1,21,2,19
"1425",7.51e+17,7,3,22,5,11
"1426",7.52e+17,1,1,1,1,1
"1427",7.53e+17,8,3,31,6,29
"1428",7.54e+17,5,4,7,5,7
"1429",7.55e+17,7,2,59,7,49
"1430",7.56e+17,10,8,13,8,13
"1431",7.57e+17,15,2,130,6,88
"1432",7.58e+17,11,5,19,7,18
"1433",7.59e+17,12,6,39,8,34
"1434",7.6e+17,21,10,24,11,22
"1435",7.61e+17,3,1,23,3,19
"1436",7.62e+17,30,6,98,6,72
"1437",7.63e+17,5,3,7,3,7
"1438",7.64e+17,6,2,44,6,30
"1439",7.65e+17,32,7,28,8,28
"1440",7.66e+17,15,3,34,10,31
"1441",7.67e+17,23,4,56,9,50
"1442",7.68e+17,2,1,3,2,3
"1443",7.69e+17,15,4,56,7,50
"1444",7.7e+17,12,5,28,6,22
"1445",7.71e+17,37,7,28,7,26
"1446",7.72e+17,7,4,37,7,29
"1447",7.73e+17,11,8,21,9,18
"1448",7.74e+17,6,3,27,6,25
"1449",7.75e+17,9,6,41,9,34
"1450",7.76e+17,12,4,20,6,20
"1451",7.77e+17,302,14,64,7,51
"1452",7.78e+17,6,3,54,4,39
"1453",7.79e+17,6,4,17,6,13
"1454",7.8e+17,11,3,6,2,6
"1455",7.81e+17,7,3,43,7,31
"1456",7.82e+17,6,3,27,4,23
"1457",7.83e+17,15,7,18,6,18
"1458",7.84e+17,18,0,33,3,32
"1459",7.85e+17,6,2,22,4,16
"1460",7.86e+17,33,5,48,7,44
"1461",7.87e+17,14,7,22,9,20
"1462",7.88e+17,12,5,41,7,33
"1463",7.89e+17,13,3,24,6,23
"1464",7.9e+17,10,7,48,10,37
"1465",7.91e+17,15,2,62,5,49
"1466",7.92e+17,15,3,61,9,48
"1467",7.93e+17,11,4,65,6,57
"1468",7.94e+17,22,8,11,5,11
"1469",7.95e+17,8,0,74,4,56
"1470",7.96e+17,12,5,28,8,25
"1471",7.97e+17,9,2,42,5,35
"1472",7.98e+17,4,3,11,4,11
"1473",7.99e+17,14,6,48,8,39
"1474",8e+17,19,6,71,13,60
"1475",8.01e+17,9,4,31,9,26
"1476",8.02e+17,8,5,23,8,20
"1477",8.03e+17,11,3,16,5,16
"1478",8.04e+17,43,3,58,4,41
"1479",8.05e+17,19,9,43,10,35
"1480",8.06e+17,33,9,81,10,62
"1481",8.07e+17,12,3,19,3,18
"1482",8.08e+17,11,4,65,7,53
"1483",8.09e+17,32,6,22,6,19
"1484",8.1e+17,9,5,28,9,28
"1485",8.11e+17,5,4,6,5,6
"1486",8.12e+17,10,2,22,5,18
"1487",8.13e+17,2,2,2,2,2
"1488",8.14e+17,16,10,29,11,27
"1489",8.15e+17,53,6,19,7,19
"1490",8.16e+17,10,4,39,6,33
"1491",8.17e+17,7,3,29,5,24
"1492",8.18e+17,8,4,17,8,16
"1493",8.19e+17,12,5,45,6,32
"1494",8.2e+17,96,7,29,8,25
"1495",8.21e+17,12,5,55,10,53
"1496",8.22e+17,24,2,84,5,71
"1497",8.23e+17,20,6,54,10,41
"1498",8.24e+17,21,6,52,6,40
"1499",8.25e+17,409,5,19,5,17
"1500",8.26e+17,9,6,22,7,21
"1501",8.27e+17,10,5,15,6,13
"1502",8.28e+17,688,7,134,8,116
"1503",8.29e+17,4,1,30,4,19
"1504",8.3e+17,32,6,15,5,15
"1505",8.31e+17,11,9,13,11,13
"1506",8.32e+17,18,10,40,16,34
"1507",8.33e+17,11,3,18,4,18
"1508",8.34e+17,8,4,14,6,14
"1509",8.35e+17,2,0,11,2,11
"1510",8.36e+17,11,4,68,9,51
"1511",8.37e+17,6,2,17,4,16
"1512",8.38e+17,8,1,17,3,14
"1513",8.39e+17,27,2,32,7,27
"1514",8.4e+17,10,3,15,6,15
"1515",8.41e+17,10,5,127,7,63
"1516",8.42e+17,8,2,136,8,94
"1517",8.43e+17,17,4,101,9,73
"1518",8.44e+17,6,1,37,3,28
"1519",8.45e+17,35,12,23,13,23
"1520",8.46e+17,7,3,27,7,24
"1521",8.47e+17,5,2,13,5,12
"1522",8.48e+17,7,2,18,7,17
"1523",8.49e+17,25,3,58,7,48
"1524",8.5e+17,12,5,143,10,104
"1525",8.51e+17,18,6,28,9,25
"1526",8.52e+17,16,5,93,10,71
"1527",8.53e+17,14,3,63,7,51
"1528",8.54e+17,10,4,29,8,27
"1529",8.55e+17,12,5,24,7,21
"1530",8.56e+17,103,8,29,4,25
"1531",8.57e+17,18,2,36,4,32
"1532",8.58e+17,7,3,24,7,24
"1533",8.59e+17,13,4,40,4,28
"1534",8.6e+17,20,8,26,10,22
"1535",8.61e+17,7,3,9,3,9
"1536",8.62e+17,10,5,10,4,10
"1537",8.63e+17,21,2,56,5,52
"1538",8.64e+17,57,10,69,9,59
"1539",8.65e+17,7,3,33,4,25
"1540",8.66e+17,8,4,102,8,76
"1541",8.67e+17,14,1,109,7,80
"1542",8.68e+17,19,2,30,5,29
"1543",8.69e+17,15,4,55,11,49
"1544",8.7e+17,14,8,41,10,32
"1545",8.71e+17,12,2,26,4,24
"1546",8.72e+17,26,8,45,9,42
"1547",8.73e+17,10,2,24,8,20
"1548",8.74e+17,13,3,40,8,31
"1549",8.75e+17,16,2,70,8,56
"1550",8.76e+17,22,5,32,9,31
"1551",8.77e+17,3,1,39,3,24
"1552",8.78e+17,7,4,11,4,10
"1553",8.79e+17,12,7,129,8,99
"1554",8.8e+17,15,5,49,10,39
"1555",8.81e+17,4,3,9,4,9
"1556",8.82e+17,7,3,17,5,15
"1557",8.83e+17,21,5,34,6,30
"1558",8.84e+17,9,8,10,9,10
"1559",8.85e+17,6,4,8,4,8
"1560",8.86e+17,10,4,35,10,29
"1561",8.87e+17,15,4,56,6,40
"1562",8.88e+17,13,5,57,8,48
"1563",8.89e+17,11,3,43,6,39
"1564",8.9e+17,16,4,18,6,18
"1565",8.91e+17,46,3,46,5,34
"1566",8.92e+17,9,5,30,7,25
"1567",8.93e+17,24,9,94,14,73
"1568",8.94e+17,22,6,46,11,41
"1569",8.95e+17,15,4,58,8,52
"1570",8.96e+17,10,8,16,10,15
"1571",8.97e+17,5,2,19,5,14
"1572",8.98e+17,21,2,74,7,57
"1573",8.99e+17,12,4,24,7,19
"1574",9e+17,7,3,5,3,5
"1575",9.01e+17,6,5,10,6,10
"1576",9.02e+17,37,5,51,8,45
"1577",9.03e+17,16,12,38,12,27
"1578",9.04e+17,13,6,43,9,37
"1579",9.05e+17,4,4,4,4,4
"1580",9.06e+17,4,1,7,4,7
"1581",9.07e+17,7,4,39,7,31
"1582",9.08e+17,28,6,56,8,45
"1583",9.09e+17,25,1,51,3,32
"1584",9.1e+17,19,5,57,4,40
"1585",9.11e+17,8,4,12,5,10
"1586",9.12e+17,6,1,34,4,28
"1587",9.13e+17,7,2,52,7,45
"1588",9.14e+17,3,1,6,3,6
"1589",9.15e+17,17,6,38,10,38
"1590",9.16e+17,5,3,29,5,24
"1591",9.17e+17,4,3,8,4,8
"1592",9.18e+17,12,5,33,6,29
"1593",9.19e+17,22,5,76,4,57
"1594",9.2e+17,11,7,26,8,25
"1595",9.21e+17,13,5,38,8,35
"1596",9.22e+17,9,4,4,3,4
"1597",9.23e+17,6,1,38,6,31
"1598",9.24e+17,18,4,27,5,25
"1599",9.25e+17,19,5,67,9,59
"1600",9.26e+17,11,1,40,2,34
"1601",9.27e+17,12,5,30,6,29
"1602",9.28e+17,10,3,75,7,60
"1603",9.29e+17,12,4,31,10,29
"1604",9.3e+17,13,5,230,9,154
"1605",9.31e+17,28,5,41,6,32
"1606",9.32e+17,38,9,49,11,49
"1607",9.33e+17,9,4,9,4,9
"1608",9.34e+17,16,6,19,7,17
"1609",9.35e+17,15,4,43,8,36
"1610",9.36e+17,9,4,4,3,4
"1611",9.37e+17,18,5,19,5,15
"1612",9.38e+17,24,3,16,3,14
"1613",9.39e+17,4,1,49,2,26
"1614",9.4e+17,19,6,42,11,38
"1615",9.41e+17,32,4,25,5,24
"1616",9.42e+17,21,4,58,9,53
"1617",9.43e+17,11,3,37,5,34
"1618",9.44e+17,31,10,64,11,56
"1619",9.45e+17,16,3,37,5,28
"1620",9.46e+17,11,3,73,11,61
"1621",9.47e+17,14,6,40,7,35
"1622",9.48e+17,39,7,25,3,22
"1623",9.49e+17,18,8,35,10,34
"1624",9.5e+17,8,2,17,6,13
"1625",9.51e+17,16,3,191,7,132
"1626",9.52e+17,4,2,4,2,4
"1627",9.53e+17,8,3,75,8,63
"1628",9.54e+17,8,5,10,5,10
"1629",9.55e+17,7,4,12,7,12
"1630",9.56e+17,25,2,23,4,23
"1631",9.57e+17,18,8,80,9,60
"1632",9.58e+17,17,5,21,6,21
"1633",9.59e+17,7,3,46,5,31
"1634",9.6e+17,27,4,95,6,68
"1635",9.61e+17,3,2,4,3,4
"1636",9.62e+17,27,2,201,3,130
"1637",9.63e+17,16,8,31,9,30
"1638",9.64e+17,26,8,64,6,61
"1639",9.65e+17,16,1,26,4,24
"1640",9.66e+17,6,2,18,4,17
"1641",9.67e+17,10,3,14,3,14
"1642",9.68e+17,27,5,47,7,44
"1643",9.69e+17,45,3,30,9,25
"1644",9.7e+17,36,3,51,8,46
"1645",9.71e+17,12,6,14,7,13
"1646",9.72e+17,9,5,28,9,23
"1647",9.73e+17,19,5,47,6,43
"1648",9.74e+17,11,7,11,8,11
"1649",9.75e+17,6,2,23,4,13
"1650",9.76e+17,11,4,30,9,28
"1651",9.77e+17,9,3,38,4,29
"1652",9.78e+17,7,2,16,5,15
"1653",9.8e+17,8,4,20,6,17
"1654",9.81e+17,11,7,39,11,36
"1655",9.82e+17,8,4,47,8,31
"1656",9.83e+17,30,6,72,14,69
"1657",9.84e+17,11,4,6,4,6
"1658",9.85e+17,17,5,49,8,42
"1659",9.86e+17,21,6,96,10,71
"1660",9.87e+17,10,5,35,8,26
"1661",9.88e+17,8,4,14,4,12
"1662",9.89e+17,31,8,113,11,93
"1663",9.9e+17,9,4,21,7,19
"1664",9.91e+17,9,5,18,9,17
"1665",9.92e+17,7,3,26,5,23
"1666",9.93e+17,10,6,6,4,6
"1667",9.94e+17,31,9,24,6,21
"1668",9.95e+17,16,5,28,9,26
"1669",9.96e+17,12,6,46,10,37
"1670",9.97e+17,16,3,39,9,29
"1671",9.98e+17,25,7,18,8,16
"1672",9.99e+17,8,4,23,6,19
"1673",1e+18,48,15,121,24,99
"1674",1.01e+18,43,19,171,28,142
"1675",1.02e+18,67,16,213,25,187
"1676",1.03e+18,66,21,150,29,127
"1677",1.04e+18,111,21,98,27,91
"1678",1.05e+18,88,20,124,27,109
"1679",1.06e+18,73,22,176,32,150
"1680",1.07e+18,52,22,217,33,168
"1681",1.08e+18,80,29,280,43,238
"1682",1.09e+18,52,17,138,30,129
"1683",1.1e+18,95,26,255,39,221
"1684",1.11e+18,118,29,159,34,132
"1685",1.12e+18,68,13,104,25,95
"1686",1.13e+18,73,27,120,34,112
"1687",1.14e+18,51,12,111,26,105
"1688",1.15e+18,102,27,178,33,149
"1689",1.16e+18,66,20,155,31,131
"1690",1.17e+18,95,23,174,32,140
"1691",1.18e+18,95,25,219,29,181
"1692",1.19e+18,59,19,153,37,135
"1693",1.2e+18,82,25,209,36,177
"1694",1.21e+18,58,28,98,29,88
"1695",1.22e+18,103,26,157,36,132
"1696",1.23e+18,72,20,154,32,124
"1697",1.24e+18,61,22,195,34,166
"1698",1.25e+18,342,27,141,32,130
"1699",1.26e+18,146,16,212,29,170
"1700",1.27e+18,51,21,139,32,123
"1701",1.28e+18,60,25,213,39,159
"1702",1.29e+18,77,23,203,37,172
"1703",1.3e+18,51,20,172,32,140
"1704",1.31e+18,93,27,271,37,219
"1705",1.32e+18,852,30,205,36,171
"1706",1.33e+18,87,22,136,35,123
"1707",1.34e+18,45,16,157,30,135
"1708",1.35e+18,85,35,113,34,100
"1709",1.36e+18,77,27,133,42,115
"1710",1.37e+18,30,15,121,20,97
"1711",1.38e+18,89,23,192,31,153
"1712",1.39e+18,78,22,282,32,188
"1713",1.4e+18,96,21,209,43,167
"1714",1.41e+18,212,22,353,35,272
"1715",1.42e+18,63,20,249,34,207
"1716",1.43e+18,81,26,163,36,146
"1717",1.44e+18,67,22,156,25,131
"1718",1.45e+18,54,26,151,33,126
"1719",1.46e+18,85,23,197,31,154
"1720",1.47e+18,48,12,151,22,121
"1721",1.48e+18,85,14,150,28,116
"1722",1.49e+18,63,21,260,32,209
"1723",1.5e+18,137,28,111,31,98
"1724",1.51e+18,133,21,174,29,140
"1725",1.52e+18,68,21,174,35,156
"1726",1.53e+18,40,17,189,27,154
"1727",1.54e+18,61,20,141,28,124
"1728",1.55e+18,96,19,183,30,163
"1729",1.56e+18,66,15,247,25,157
"1730",1.57e+18,271,20,205,35,182
"1731",1.58e+18,137,19,415,28,299
"1732",1.59e+18,53,20,137,31,112
"1733",1.6e+18,81,21,255,33,209
"1734",1.61e+18,92,22,130,21,106
"1735",1.62e+18,48,21,131,38,113
"1736",1.63e+18,58,25,159,28,142
"1737",1.64e+18,64,18,218,30,172
"1738",1.65e+18,117,19,213,26,170
"1739",1.66e+18,75,21,203,36,174
"1740",1.67e+18,64,20,174,32,154
"1741",1.68e+18,80,19,199,36,164
"1742",1.69e+18,45,18,100,27,89
"1743",1.7e+18,82,31,142,38,126
"1744",1.71e+18,85,20,216,26,163
"1745",1.72e+18,68,18,148,28,112
"1746",1.73e+18,139,28,156,24,143
"1747",1.74e+18,153,25,168,29,144
"1748",1.75e+18,80,29,164,40,146
"1749",1.76e+18,62,21,228,44,194
"1750",1.77e+18,88,31,179,32,148
"1751",1.78e+18,78,21,236,30,192
"1752",1.79e+18,50,25,151,44,127
"1753",1.8e+18,56,21,127,31,111
"1754",1.81e+18,59,20,249,34,210
"1755",1.82e+18,66,13,142,32,126
"1756",1.83e+18,253,21,191,30,159
"1757",1.84e+18,47,21,158,32,128
"1758",1.85e+18,74,20,117,27,96
"1759",1.86e+18,56,19,129,32,109
"1760",1.87e+18,53,11,206,29,163
"1761",1.88e+18,59,24,153,41,131
"1762",1.89e+18,74,21,184,30,156
"1763",1.9e+18,112,27,155,43,136
"1764",1.91e+18,59,17,146,33,129
"1765",1.92e+18,75,32,228,42,193
"1766",1.93e+18,67,11,212,30,169
"1767",1.94e+18,47,21,142,41,127
"1768",1.95e+18,47,17,179,27,152
"1769",1.96e+18,1218,17,188,21,161
"1770",1.97e+18,104,24,276,36,226
"1771",1.98e+18,52,22,80,26,69
"1772",1.99e+18,65,24,180,36,156
"1773",2e+18,81,30,176,43,154
"1774",2.01e+18,73,19,329,41,249
"1775",2.02e+18,52,21,121,35,112
"1776",2.03e+18,102,29,227,37,185
"1777",2.04e+18,79,23,195,35,163
"1778",2.05e+18,214,29,261,43,219
"1779",2.06e+18,48,23,132,31,111
"1780",2.07e+18,52,20,96,28,83
"1781",2.08e+18,135,16,211,27,180
"1782",2.09e+18,118,22,188,30,156
"1783",2.1e+18,81,25,154,35,126
"1784",2.11e+18,168,19,251,33,203
"1785",2.12e+18,44,20,162,29,136
"1786",2.13e+18,58,21,119,30,104
"1787",2.14e+18,58,22,183,35,153
"1788",2.15e+18,41,16,69,23,65
"1789",2.16e+18,64,14,65,21,63
"1790",2.17e+18,89,22,136,38,126
"1791",2.18e+18,72,24,301,32,243
"1792",2.19e+18,109,25,182,29,136
"1793",2.2e+18,68,22,282,29,214
"1794",2.21e+18,31,12,291,20,196
"1795",2.22e+18,117,24,237,35,189
"1796",2.23e+18,47,20,123,32,113
"1797",2.24e+18,95,33,193,39,167
"1798",2.25e+18,67,25,220,37,182
"1799",2.26e+18,118,33,140,39,124
"1800",2.27e+18,55,16,96,23,79
"1801",2.28e+18,125,22,104,24,92
"1802",2.29e+18,174,22,216,31,182
"1803",2.3e+18,87,21,189,33,157
"1804",2.31e+18,551,25,252,34,201
"1805",2.32e+18,220,12,169,25,132
"1806",2.33e+18,53,23,227,29,169
"1807",2.34e+18,142,23,204,29,166
"1808",2.35e+18,106,21,190,32,160
"1809",2.36e+18,67,22,117,29,99
"1810",2.37e+18,95,25,248,37,192
"1811",2.38e+18,141,22,197,31,161
"1812",2.39e+18,51,21,136,30,126
"1813",2.4e+18,84,13,212,32,196
"1814",2.41e+18,57,14,165,27,131
"1815",2.42e+18,44,24,133,33,113
"1816",2.43e+18,57,19,204,30,174
"1817",2.44e+18,51,19,110,31,95
"1818",2.45e+18,33,17,65,24,58
"1819",2.46e+18,75,24,123,34,105
"1820",2.47e+18,101,22,173,32,147
"1821",2.48e+18,73,30,137,38,129
"1822",2.49e+18,86,22,189,38,161
"1823",2.5e+18,78,25,193,31,166
"1824",2.51e+18,54,19,121,30,113
"1825",2.52e+18,68,21,173,35,144
"1826",2.53e+18,61,22,159,35,134
"1827",2.54e+18,64,29,142,33,114
"1828",2.55e+18,77,24,250,38,214
"1829",2.56e+18,109,27,151,32,127
"1830",2.57e+18,123,25,190,30,143
"1831",2.58e+18,72,16,182,29,149
"1832",2.59e+18,108,24,197,37,169
"1833",2.6e+18,34,10,325,24,242
"1834",2.61e+18,67,17,192,36,161
"1835",2.62e+18,91,25,183,29,148
"1836",2.63e+18,77,21,124,36,113
"1837",2.64e+18,49,19,126,27,104
"1838",2.65e+18,76,20,314,39,257
"1839",2.66e+18,55,14,192,28,163
"1840",2.67e+18,96,23,241,26,193
"1841",2.68e+18,57,21,158,33,141
"1842",2.69e+18,78,18,124,25,107
"1843",2.7e+18,123,26,210,38,176
"1844",2.71e+18,197,17,260,32,212
"1845",2.72e+18,195,27,194,30,173
"1846",2.73e+18,181,35,138,32,117
"1847",2.74e+18,76,18,203,36,163
"1848",2.75e+18,51,14,198,16,158
"1849",2.76e+18,68,20,169,31,129
"1850",2.77e+18,102,23,282,35,216
"1851",2.78e+18,110,17,188,21,144
"1852",2.79e+18,54,23,133,33,109
"1853",2.8e+18,39,18,111,27,93
"1854",2.81e+18,87,20,285,31,201
"1855",2.82e+18,113,17,309,34,219
"1856",2.83e+18,51,20,163,34,140
"1857",2.84e+18,52,18,139,32,125
"1858",2.85e+18,48,12,198,27,161
"1859",2.86e+18,74,24,260,39,206
"1860",2.87e+18,96,26,230,35,181
"1861",2.88e+18,61,19,156,29,118
"1862",2.89e+18,69,20,143,25,119
"1863",2.9e+18,94,18,160,29,134
"1864",2.91e+18,66,16,141,17,120
"1865",2.92e+18,78,21,243,35,191
"1866",2.93e+18,77,29,267,40,209
"1867",2.94e+18,67,16,96,21,87
"1868",2.95e+18,75,33,206,45,178
"1869",2.96e+18,48,22,81,30,72
"1870",2.97e+18,106,18,254,34,214
"1871",2.98e+18,53,19,160,33,143
"1872",2.99e+18,79,22,179,30,148
"1873",3e+18,110,23,222,33,195
"1874",3.01e+18,63,20,243,34,189
"1875",3.02e+18,80,20,272,29,203
"1876",3.03e+18,105,23,191,31,167
"1877",3.04e+18,546,23,175,35,158
"1878",3.05e+18,98,21,310,31,251
"1879",3.06e+18,113,17,179,31,132
"1880",3.07e+18,46,17,120,19,94
"1881",3.08e+18,57,17,221,37,189
"1882",3.09e+18,40,19,88,31,79
"1883",3.1e+18,56,18,259,32,214
"1884",3.11e+18,32,14,90,19,74
"1885",3.12e+18,87,24,171,27,137
"1886",3.13e+18,62,25,158,42,142
"1887",3.14e+18,73,21,442,35,317
"1888",3.15e+18,42,14,93,30,81
"1889",3.16e+18,91,28,230,37,197
"1890",3.17e+18,61,25,253,37,203
"1891",3.18e+18,103,27,194,35,166
"1892",3.19e+18,162,30,209,39,179
"1893",3.2e+18,378,23,158,31,137
"1894",3.21e+18,128,25,168,34,148
"1895",3.22e+18,40,17,103,28,98
"1896",3.23e+18,37,14,95,31,84
"1897",3.24e+18,53,20,170,31,146
"1898",3.25e+18,84,18,193,27,158
"1899",3.26e+18,65,23,99,29,90
"1900",3.27e+18,84,21,119,27,108
"1901",3.28e+18,42,20,162,34,144
"1902",3.29e+18,79,17,175,25,138
"1903",3.3e+18,76,25,201,31,170
"1904",3.31e+18,62,19,266,32,203
"1905",3.32e+18,70,20,168,32,142
"1906",3.33e+18,86,15,168,27,150
"1907",3.34e+18,46,19,234,28,201
"1908",3.35e+18,74,21,218,39,181
"1909",3.36e+18,82,21,107,28,97
"1910",3.37e+18,119,22,234,39,201
"1911",3.38e+18,55,19,149,26,116
"1912",3.39e+18,85,34,154,35,131
"1913",3.4e+18,48,16,173,30,140
"1914",3.41e+18,79,20,175,37,153
"1915",3.42e+18,100,28,219,43,181
"1916",3.43e+18,83,21,91,27,82
"1917",3.44e+18,47,19,178,33,146
"1918",3.45e+18,254,20,144,33,128
"1919",3.46e+18,51,20,118,26,103
"1920",3.47e+18,70,20,121,27,104
"1921",3.48e+18,94,16,157,26,140
"1922",3.49e+18,59,14,248,23,202
"1923",3.5e+18,140,18,253,28,205
"1924",3.51e+18,70,27,172,32,138
"1925",3.52e+18,76,15,197,24,164
"1926",3.53e+18,71,14,138,22,119
"1927",3.54e+18,74,24,212,36,176
"1928",3.55e+18,152,30,226,40,182
"1929",3.56e+18,53,22,147,29,121
"1930",3.57e+18,83,28,251,36,221
"1931",3.58e+18,345,30,333,40,257
"1932",3.59e+18,74,19,167,32,149
"1933",3.6e+18,97,13,236,26,187
"1934",3.61e+18,47,18,126,33,114
"1935",3.62e+18,77,24,333,39,268
"1936",3.63e+18,47,18,160,28,140
"1937",3.64e+18,39,11,150,24,135
"1938",3.65e+18,91,23,258,31,218
"1939",3.66e+18,82,30,184,41,153
"1940",3.67e+18,50,21,179,31,145
"1941",3.68e+18,76,20,218,35,190
"1942",3.69e+18,59,24,223,33,178
"1943",3.7e+18,67,15,99,20,82
"1944",3.71e+18,62,17,119,25,106
"1945",3.72e+18,120,15,227,37,184
"1946",3.73e+18,80,25,166,34,135
"1947",3.74e+18,59,22,142,27,121
"1948",3.75e+18,39,17,302,30,220
"1949",3.76e+18,73,24,88,26,80
"1950",3.77e+18,90,22,181,35,151
"1951",3.78e+18,86,19,139,25,118
"1952",3.79e+18,71,20,153,29,127
"1953",3.8e+18,66,24,96,28,88
"1954",3.81e+18,57,21,95,27,92
"1955",3.82e+18,72,22,144,37,125
"1956",3.83e+18,96,29,160,32,131
"1957",3.84e+18,79,26,159,31,139
"1958",3.85e+18,91,22,234,40,206
"1959",3.86e+18,103,14,199,27,165
"1960",3.87e+18,83,22,296,30,215
"1961",3.88e+18,2194,33,170,28,140
"1962",3.89e+18,116,23,160,28,129
"1963",3.9e+18,46,17,126,26,109
"1964",3.91e+18,58,20,125,30,111
"1965",3.92e+18,109,23,134,32,117
"1966",3.93e+18,61,22,133,34,109
"1967",3.94e+18,55,24,274,34,202
"1968",3.95e+18,90,18,91,26,84
"1969",3.96e+18,59,16,125,27,106
"1970",3.97e+18,79,27,233,42,190
"1971",3.98e+18,55,14,239,35,205
"1972",3.99e+18,47,17,137,28,121
"1973",4e+18,70,23,176,31,147
"1974",4.01e+18,52,19,343,29,217
"1975",4.02e+18,108,22,229,22,188
"1976",4.03e+18,58,19,191,29,152
"1977",4.04e+18,59,16,135,27,118
"1978",4.05e+18,87,14,169,31,154
"1979",4.06e+18,160,16,161,31,134
"1980",4.07e+18,76,24,214,32,172
"1981",4.08e+18,141,21,197,27,157
"1982",4.09e+18,62,21,158,37,133
"1983",4.1e+18,321,33,226,39,203
"1984",4.11e+18,85,25,133,33,113
"1985",4.12e+18,70,23,76,25,66
"1986",4.13e+18,50,18,175,31,141
"1987",4.14e+18,48,24,163,43,131
"1988",4.15e+18,150,20,255,36,223
"1989",4.16e+18,46,20,157,33,132
"1990",4.17e+18,84,26,162,41,145
"1991",4.18e+18,49,22,179,31,121
"1992",4.19e+18,75,20,109,24,98
"1993",4.2e+18,197,21,222,26,184
"1994",4.21e+18,53,17,130,26,109
"1995",4.22e+18,177,22,216,36,178
"1996",4.23e+18,156,27,187,38,154
"1997",4.24e+18,38,18,100,27,92
"1998",4.25e+18,53,22,121,31,113
"1999",4.26e+18,178,29,314,47,253
"2000",4.27e+18,60,34,103,38,97
"2001",4.28e+18,77,26,186,32,160
"2002",4.29e+18,254,16,266,29,208
"2003",4.3e+18,376,26,182,36,156
"2004",4.31e+18,86,21,217,42,193
"2005",4.32e+18,84,17,220,29,175
"2006",4.33e+18,31,16,96,26,81
"2007",4.34e+18,33,15,143,27,123
"2008",4.35e+18,53,17,111,24,96
"2009",4.36e+18,135,19,230,32,187
"2010",4.37e+18,261,28,448,38,335
"2011",4.38e+18,76,24,164,43,148
"2012",4.39e+18,71,21,263,35,186
"2013",4.4e+18,58,17,131,29,117
"2014",4.41e+18,65,32,156,46,144
"2015",4.42e+18,45,16,161,32,131
"2016",4.43e+18,52,18,125,34,110
"2017",4.44e+18,75,23,129,28,115
"2018",4.45e+18,70,22,223,41,178
"2019",4.46e+18,134,26,224,39,185
"2020",4.47e+18,74,19,217,32,188
"2021",4.48e+18,68,26,122,33,106
"2022",4.49e+18,56,18,184,27,142
"2023",4.5e+18,81,25,232,29,193
"2024",4.51e+18,28,13,93,17,73
"2025",4.52e+18,182,30,239,42,203
"2026",4.53e+18,57,18,277,32,206
"2027",4.54e+18,88,36,251,51,217
"2028",4.55e+18,204,38,262,31,214
"2029",4.56e+18,61,15,264,35,216
"2030",4.57e+18,72,19,128,28,109
"2031",4.58e+18,76,12,231,32,169
"2032",4.59e+18,68,20,138,26,118
"2033",4.6e+18,87,18,347,33,266
"2034",4.61e+18,61,22,244,29,189
"2035",4.62e+18,61,18,223,30,171
"2036",4.63e+18,192,29,182,35,157
"2037",4.64e+18,181,16,194,37,172
"2038",4.65e+18,73,24,224,38,192
"2039",4.66e+18,91,26,252,38,219
"2040",4.67e+18,71,25,146,29,129
"2041",4.68e+18,71,19,183,25,153
"2042",4.69e+18,107,18,145,26,115
"2043",4.7e+18,49,20,80,29,78
"2044",4.71e+18,133,23,199,34,172
"2045",4.72e+18,60,18,190,31,150
"2046",4.73e+18,108,17,212,31,180
"2047",4.74e+18,56,14,110,21,93
"2048",4.75e+18,65,20,140,28,107
"2049",4.76e+18,52,16,119,30,101
"2050",4.77e+18,90,21,134,30,116
"2051",4.78e+18,49,23,81,31,77
"2052",4.79e+18,56,22,99,29,88
"2053",4.8e+18,97,20,283,28,232
"2054",4.81e+18,61,22,83,23,72
"2055",4.82e+18,54,23,103,32,90
"2056",4.83e+18,66,21,168,34,139
"2057",4.84e+18,59,19,316,36,246
"2058",4.85e+18,81,20,182,31,157
"2059",4.86e+18,70,30,153,37,115
"2060",4.87e+18,68,30,149,41,144
"2061",4.88e+18,49,19,151,31,119
"2062",4.89e+18,95,24,180,38,153
"2063",4.9e+18,55,21,92,22,80
"2064",4.91e+18,73,27,291,37,204
"2065",4.92e+18,86,22,250,31,198
"2066",4.93e+18,65,27,156,41,143
"2067",4.94e+18,42,19,197,30,160
"2068",4.95e+18,75,24,219,28,189
"2069",4.96e+18,87,15,253,30,193
"2070",4.97e+18,83,23,110,30,94
"2071",4.98e+18,42,20,102,33,94
"2072",4.99e+18,51,19,138,30,118
"2073",5e+18,50,20,206,29,154
"2074",5.01e+18,66,21,84,23,77
"2075",5.02e+18,120,24,152,26,121
"2076",5.03e+18,60,27,107,34,91
"2077",5.04e+18,140,15,171,25,134
"2078",5.05e+18,56,24,130,38,109
"2079",5.06e+18,94,20,269,42,224
"2080",5.07e+18,59,29,148,42,123
"2081",5.08e+18,85,16,165,30,146
"2082",5.09e+18,81,24,200,29,176
"2083",5.1e+18,117,22,177,28,136
"2084",5.11e+18,70,25,388,40,298
"2085",5.12e+18,81,34,109,36,97
"2086",5.13e+18,131,32,288,44,229
"2087",5.14e+18,69,25,187,41,164
"2088",5.15e+18,106,22,178,32,164
"2089",5.16e+18,80,22,194,36,165
"2090",5.17e+18,49,22,147,38,129
"2091",5.18e+18,176,19,411,37,320
"2092",5.19e+18,75,26,190,37,166
"2093",5.2e+18,188,25,193,21,161
"2094",5.21e+18,1060,32,252,43,197
"2095",5.22e+18,82,28,349,49,273
"2096",5.23e+18,65,13,132,29,123
"2097",5.24e+18,82,24,200,23,173
"2098",5.25e+18,116,21,143,31,119
"2099",5.26e+18,50,19,120,25,100
"2100",5.27e+18,65,24,171,38,142
"2101",5.28e+18,344,18,168,27,133
"2102",5.29e+18,52,20,227,37,198
"2103",5.3e+18,166,30,108,32,97
"2104",5.31e+18,48,23,128,30,116
"2105",5.32e+18,89,30,133,34,119
"2106",5.33e+18,84,19,181,29,145
"2107",5.34e+18,206,23,173,31,157
"2108",5.35e+18,50,15,132,24,109
"2109",5.36e+18,99,24,239,37,178
"2110",5.37e+18,62,13,139,25,115
"2111",5.38e+18,44,17,157,27,130
"2112",5.39e+18,195,28,261,34,224
"2113",5.4e+18,114,21,108,31,98
"2114",5.41e+18,44,20,72,25,68
"2115",5.42e+18,86,23,151,36,131
"2116",5.43e+18,58,15,141,28,107
"2117",5.44e+18,74,22,128,29,117
"2118",5.45e+18,77,21,127,32,110
"2119",5.46e+18,84,21,232,36,203
"2120",5.47e+18,316,21,97,27,90
"2121",5.48e+18,66,21,198,23,161
"2122",5.49e+18,69,20,253,26,203
"2123",5.5e+18,77,28,121,38,110
"2124",5.51e+18,141,20,192,31,168
"2125",5.52e+18,100,30,177,33,148
"2126",5.53e+18,68,18,302,36,233
"2127",5.54e+18,138,20,174,28,148
"2128",5.55e+18,157,22,292,33,231
"2129",5.56e+18,65,25,207,39,175
"2130",5.57e+18,39,20,81,23,68
"2131",5.58e+18,60,20,213,35,171
"2132",5.59e+18,48,18,135,33,119
"2133",5.6e+18,77,22,91,29,83
"2134",5.61e+18,124,19,257,29,224
"2135",5.62e+18,49,16,245,29,175
"2136",5.63e+18,60,23,144,33,128
"2137",5.64e+18,59,26,130,30,115
"2138",5.65e+18,84,27,131,38,122
"2139",5.66e+18,104,24,195,30,146
"2140",5.67e+18,59,18,126,28,109
"2141",5.68e+18,73,21,186,29,151
"2142",5.69e+18,75,20,242,30,183
"2143",5.7e+18,138,23,169,31,144
"2144",5.71e+18,93,27,255,43,219
"2145",5.72e+18,63,14,185,29,163
"2146",5.73e+18,74,20,145,26,113
"2147",5.74e+18,47,16,190,31,146
"2148",5.75e+18,63,24,271,46,210
"2149",5.76e+18,89,13,77,19,73
"2150",5.77e+18,121,28,273,34,232
"2151",5.78e+18,53,25,139,32,113
"2152",5.79e+18,650,32,284,38,214
"2153",5.8e+18,40,17,84,26,79
"2154",5.81e+18,78,17,144,29,137
"2155",5.82e+18,252,31,220,33,180
"2156",5.83e+18,56,15,309,34,227
"2157",5.84e+18,62,24,104,28,96
"2158",5.85e+18,51,20,139,33,119
"2159",5.86e+18,64,24,349,40,280
"2160",5.87e+18,71,19,247,28,187
"2161",5.88e+18,63,14,183,27,146
"2162",5.89e+18,78,17,286,28,217
"2163",5.9e+18,71,20,198,34,157
"2164",5.91e+18,196,31,190,35,155
"2165",5.92e+18,155,15,489,23,323
"2166",5.93e+18,130,24,231,26,175
"2167",5.94e+18,48,21,212,24,170
"2168",5.95e+18,57,25,121,29,110
"2169",5.96e+18,71,27,237,32,186
"2170",5.97e+18,180,21,94,27,83
"2171",5.98e+18,74,25,221,43,196
"2172",5.99e+18,129,25,121,29,100
"2173",6e+18,121,22,216,30,176
"2174",6.01e+18,217,18,222,30,181
"2175",6.02e+18,115,24,197,32,175
"2176",6.03e+18,87,23,402,33,375
"2177",6.04e+18,105,26,352,42,271
"2178",6.05e+18,63,24,131,30,106
"2179",6.06e+18,117,21,185,31,162
"2180",6.07e+18,55,28,188,37,159
"2181",6.08e+18,79,20,141,33,124
"2182",6.09e+18,96,24,525,36,346
"2183",6.1e+18,75,24,115,35,107
"2184",6.11e+18,68,23,218,36,180
"2185",6.12e+18,79,20,220,37,194
"2186",6.13e+18,43,23,103,33,86
"2187",6.14e+18,104,27,181,42,165
"2188",6.15e+18,98,22,211,32,173
"2189",6.16e+18,57,19,347,37,260
"2190",6.17e+18,52,18,132,28,114
"2191",6.18e+18,94,19,237,41,197
"2192",6.19e+18,50,19,167,27,136
"2193",6.2e+18,85,20,129,35,117
"2194",6.21e+18,75,20,127,27,110
"2195",6.22e+18,302,19,241,31,183
"2196",6.23e+18,92,31,277,47,244
"2197",6.24e+18,167,22,146,25,116
"2198",6.25e+18,68,20,205,24,161
"2199",6.26e+18,91,22,95,29,90
"2200",6.27e+18,100,16,154,25,134
"2201",6.28e+18,33,13,120,25,98
"2202",6.29e+18,90,13,402,24,295
"2203",6.3e+18,86,25,132,26,111
"2204",6.31e+18,64,19,83,24,76
"2205",6.32e+18,65,15,152,32,129
"2206",6.33e+18,73,25,172,34,151
"2207",6.34e+18,148,19,267,34,204
"2208",6.35e+18,121,21,204,30,174
"2209",6.36e+18,54,22,134,26,103
"2210",6.37e+18,53,17,206,35,158
"2211",6.38e+18,41,17,153,27,128
"2212",6.39e+18,52,14,104,24,97
"2213",6.4e+18,129,35,234,38,198
"2214",6.41e+18,52,21,119,33,106
"2215",6.42e+18,138,25,170,32,150
"2216",6.43e+18,62,23,140,36,119
"2217",6.44e+18,31,16,104,25,87
"2218",6.45e+18,253,25,116,23,106
"2219",6.46e+18,60,27,166,41,144
"2220",6.47e+18,77,17,216,32,175
"2221",6.48e+18,55,18,93,26,88
"2222",6.49e+18,39,20,135,33,117
"2223",6.5e+18,115,28,266,36,203
"2224",6.51e+18,74,20,115,32,101
"2225",6.52e+18,34,17,61,27,59
"2226",6.53e+18,54,18,188,37,152
"2227",6.54e+18,90,22,146,33,117
"2228",6.55e+18,62,13,130,24,117
"2229",6.56e+18,85,17,235,30,186
"2230",6.57e+18,69,25,174,31,140
"2231",6.58e+18,239,26,302,35,238
"2232",6.59e+18,44,14,172,28,148
"2233",6.6e+18,113,17,293,29,233
"2234",6.61e+18,51,20,139,28,123
"2235",6.62e+18,119,25,171,36,154
"2236",6.63e+18,77,27,143,36,125
"2237",6.64e+18,87,24,175,33,153
"2238",6.65e+18,61,25,213,36,172
"2239",6.66e+18,95,29,120,38,112
"2240",6.67e+18,70,23,188,33,160
"2241",6.68e+18,68,17,91,20,71
"2242",6.69e+18,116,17,247,32,205
"2243",6.7e+18,92,18,170,26,127
"2244",6.71e+18,144,25,270,32,218
"2245",6.72e+18,154,21,177,30,162
"2246",6.73e+18,341,22,204,33,178
"2247",6.74e+18,87,18,184,24,158
"2248",6.75e+18,99,19,133,25,109
"2249",6.76e+18,48,14,159,26,126
"2250",6.77e+18,116,27,242,31,188
"2251",6.78e+18,73,17,189,22,145
"2252",6.79e+18,80,21,137,34,122
"2253",6.8e+18,108,22,77,26,75
"2254",6.81e+18,56,21,112,25,104
"2255",6.82e+18,68,23,241,35,172
"2256",6.83e+18,252,23,138,36,113
"2257",6.84e+18,79,27,214,31,171
"2258",6.85e+18,95,27,244,45,207
"2259",6.86e+18,160,23,216,29,178
"2260",6.87e+18,185,25,257,36,210
"2261",6.88e+18,67,22,298,35,230
"2262",6.89e+18,119,14,161,34,139
"2263",6.9e+18,56,18,195,28,156
"2264",6.91e+18,133,25,198,33,166
"2265",6.92e+18,71,26,255,45,204
"2266",6.93e+18,107,30,141,36,126
"2267",6.94e+18,44,16,100,23,93
"2268",6.95e+18,46,15,152,27,136
"2269",6.96e+18,79,21,254,45,206
"2270",6.97e+18,46,13,243,34,202
"2271",6.98e+18,53,20,225,32,181
"2272",6.99e+18,81,30,135,41,114
"2273",7e+18,151,26,230,31,181
"2274",7.01e+18,119,27,176,31,148
"2275",7.02e+18,60,21,173,30,148
"2276",7.03e+18,115,19,252,35,206
"2277",7.04e+18,95,22,262,34,210
"2278",7.05e+18,77,29,302,50,250
"2279",7.06e+18,92,22,171,33,143
"2280",7.07e+18,45,20,162,29,124
"2281",7.08e+18,44,19,229,35,193
"2282",7.09e+18,50,17,132,29,108
"2283",7.1e+18,88,22,140,34,126
"2284",7.11e+18,65,21,102,30,99
"2285",7.12e+18,993,22,167,30,145
"2286",7.13e+18,96,21,164,35,153
"2287",7.14e+18,64,19,150,31,127
"2288",7.15e+18,65,16,167,36,143
"2289",7.16e+18,113,17,228,34,161
"2290",7.17e+18,47,15,201,31,154
"2291",7.18e+18,105,27,127,33,112
"2292",7.19e+18,75,23,277,32,200
"2293",7.2e+18,145,32,238,36,198
"2294",7.21e+18,83,23,246,36,203
"2295",7.22e+18,63,20,171,30,152
"2296",7.23e+18,96,27,257,35,210
"2297",7.24e+18,76,25,210,31,178
"2298",7.25e+18,111,23,267,37,232
"2299",7.26e+18,65,24,120,29,106
"2300",7.27e+18,172,31,205,31,174
"2301",7.28e+18,3219,21,422,24,331
"2302",7.29e+18,168,29,229,35,193
"2303",7.3e+18,79,12,156,19,132
"2304",7.31e+18,96,18,279,28,219
"2305",7.32e+18,52,18,165,28,117
"2306",7.33e+18,70,24,284,32,219
"2307",7.34e+18,60,19,145,25,113
"2308",7.35e+18,178,25,345,27,252
"2309",7.36e+18,95,19,203,31,175
"2310",7.37e+18,111,23,254,35,218
"2311",7.38e+18,49,15,105,34,98
"2312",7.39e+18,124,26,229,33,181
"2313",7.4e+18,73,21,154,34,144
"2314",7.41e+18,97,22,347,41,273
"2315",7.42e+18,155,24,120,37,111
"2316",7.43e+18,93,17,141,28,127
"2317",7.44e+18,134,24,157,29,137
"2318",7.45e+18,979,21,132,28,119
"2319",7.46e+18,75,23,185,30,145
"2320",7.47e+18,95,21,145,32,129
"2321",7.48e+18,1544,28,201,31,177
"2322",7.49e+18,89,21,183,29,167
"2323",7.5e+18,93,22,309,37,223
"2324",7.51e+18,97,30,330,40,249
"2325",7.52e+18,116,23,175,32,153
"2326",7.53e+18,43,14,184,18,146
"2327",7.54e+18,51,15,112,28,96
"2328",7.55e+18,68,25,220,45,190
"2329",7.56e+18,85,22,266,32,219
"2330",7.57e+18,158,17,123,29,113
"2331",7.58e+18,43,17,199,25,156
"2332",7.59e+18,56,17,194,33,167
"2333",7.6e+18,71,33,203,43,162
"2334",7.61e+18,150,21,132,25,115
"2335",7.62e+18,43,13,153,32,119
"2336",7.63e+18,165,22,216,27,179
"2337",7.64e+18,68,25,144,33,134
"2338",7.65e+18,59,20,175,36,149
"2339",7.66e+18,47,20,213,30,160
"2340",7.67e+18,106,21,142,40,125
"2341",7.68e+18,52,17,164,29,137
"2342",7.69e+18,42,12,105,22,88
"2343",7.7e+18,118,29,148,34,122
"2344",7.71e+18,154,27,211,33,179
"2345",7.72e+18,39,14,191,28,147
"2346",7.73e+18,79,24,149,22,125
"2347",7.74e+18,72,25,161,34,134
"2348",7.75e+18,86,21,224,37,182
"2349",7.76e+18,69,20,111,27,99
"2350",7.77e+18,45,16,194,31,145
"2351",7.78e+18,127,24,210,35,159
"2352",7.79e+18,53,18,97,27,91
"2353",7.8e+18,94,22,180,30,159
"2354",7.81e+18,79,19,148,29,135
"2355",7.82e+18,188,30,145,34,134
"2356",7.83e+18,81,24,185,41,154
"2357",7.84e+18,44,14,207,26,178
"2358",7.85e+18,61,22,69,26,65
"2359",7.86e+18,46,20,118,30,96
"2360",7.87e+18,50,26,191,33,122
"2361",7.88e+18,69,17,323,37,261
"2362",7.89e+18,39,12,139,20,118
"2363",7.9e+18,58,19,229,26,166
"2364",7.91e+18,26,12,98,21,76
"2365",7.92e+18,140,25,215,32,170
"2366",7.93e+18,121,26,250,45,220
"2367",7.94e+18,56,16,202,28,168
"2368",7.95e+18,76,22,223,35,177
"2369",7.96e+18,87,26,131,36,119
"2370",7.97e+18,62,15,115,24,106
"2371",7.98e+18,99,20,99,30,88
"2372",7.99e+18,285,29,174,30,140
"2373",8e+18,137,18,191,23,166
"2374",8.01e+18,173,20,224,36,187
"2375",8.02e+18,91,23,316,45,245
"2376",8.03e+18,40,11,194,24,135
"2377",8.04e+18,68,25,158,33,135
"2378",8.05e+18,63,27,291,34,217
"2379",8.06e+18,58,19,178,23,144
"2380",8.07e+18,51,19,168,36,126
"2381",8.08e+18,102,24,202,35,174
"2382",8.09e+18,70,24,165,28,138
"2383",8.1e+18,60,21,286,38,224
"2384",8.11e+18,67,19,147,27,120
"2385",8.12e+18,121,23,219,29,176
"2386",8.13e+18,101,27,202,32,167
"2387",8.14e+18,50,22,142,32,114
"2388",8.15e+18,189,23,160,28,146
"2389",8.16e+18,56,15,138,29,121
"2390",8.17e+18,99,23,279,40,225
"2391",8.18e+18,99,26,154,36,129
"2392",8.19e+18,51,16,158,30,134
"2393",8.2e+18,183,15,342,31,268
"2394",8.21e+18,97,20,134,23,130
"2395",8.22e+18,62,20,227,37,173
"2396",8.23e+18,85,29,180,38,157
"2397",8.24e+18,83,19,124,22,103
"2398",8.25e+18,55,24,88,32,82
"2399",8.26e+18,57,27,203,46,173
"2400",8.27e+18,60,25,156,41,136
"2401",8.28e+18,46,20,128,31,101
"2402",8.29e+18,92,29,111,26,95
"2403",8.3e+18,111,21,243,35,195
"2404",8.31e+18,94,30,187,40,156
"2405",8.32e+18,38,15,55,20,50
"2406",8.33e+18,79,24,138,32,112
"2407",8.34e+18,66,20,150,25,125
"2408",8.35e+18,56,21,86,30,77
"2409",8.36e+18,99,28,136,40,118
"2410",8.37e+18,58,25,165,31,117
"2411",8.38e+18,49,16,245,31,198
"2412",8.39e+18,63,19,131,27,111
"2413",8.4e+18,63,25,155,36,147
"2414",8.41e+18,51,17,115,31,104
"2415",8.42e+18,36,13,86,19,71
"2416",8.43e+18,65,16,176,31,151
"2417",8.44e+18,59,24,194,33,139
"2418",8.45e+18,63,19,223,41,177
"2419",8.46e+18,91,14,224,21,186
"2420",8.47e+18,74,32,296,33,221
"2421",8.48e+18,53,20,114,33,99
"2422",8.49e+18,41,19,201,33,164
"2423",8.5e+18,171,27,133,33,122
"2424",8.51e+18,63,19,185,34,164
"2425",8.52e+18,118,24,256,40,187
"2426",8.53e+18,100,27,238,40,205
"2427",8.54e+18,139,21,264,35,177
"2428",8.55e+18,40,18,104,21,85
"2429",8.56e+18,58,19,118,26,96
"2430",8.57e+18,76,23,173,30,137
"2431",8.58e+18,151,27,241,30,199
"2432",8.59e+18,59,22,224,34,191
"2433",8.6e+18,97,26,206,42,174
"2434",8.61e+18,76,16,180,24,152
"2435",8.62e+18,84,30,143,29,118
"2436",8.63e+18,94,21,153,30,119
"2437",8.64e+18,59,26,255,31,173
"2438",8.65e+18,56,24,151,37,133
"2439",8.66e+18,87,19,169,26,154
"2440",8.67e+18,91,13,222,22,166
"2441",8.68e+18,35,17,181,28,154
"2442",8.69e+18,69,28,192,35,170
"2443",8.7e+18,99,25,145,37,130
"2444",8.71e+18,118,20,226,34,173
"2445",8.72e+18,212,35,215,39,180
"2446",8.73e+18,61,16,186,32,147
"2447",8.74e+18,84,26,125,34,115
"2448",8.75e+18,41,18,108,27,96
"2449",8.76e+18,191,23,329,35,226
"2450",8.77e+18,63,17,228,30,173
"2451",8.78e+18,49,23,128,42,111
"2452",8.79e+18,60,23,225,43,186
"2453",8.8e+18,187,29,264,30,216
"2454",8.81e+18,85,21,228,37,190
"2455",8.82e+18,98,24,303,29,210
"2456",8.83e+18,46,18,157,30,133
"2457",8.84e+18,1163,31,183,32,166
"2458",8.85e+18,92,29,242,46,205
"2459",8.86e+18,61,13,158,23,146
"2460",8.87e+18,68,22,143,25,124
"2461",8.88e+18,154,31,210,43,180
"2462",8.89e+18,64,21,218,42,179
"2463",8.9e+18,101,20,199,31,157
"2464",8.91e+18,67,28,218,45,180
"2465",8.92e+18,71,24,183,35,134
"2466",8.93e+18,204,18,206,22,164
"2467",8.94e+18,71,21,103,31,98
"2468",8.95e+18,65,16,220,32,193
"2469",8.96e+18,337,32,145,30,130
"2470",8.97e+18,73,25,205,29,159
"2471",8.98e+18,63,18,96,23,78
"2472",8.99e+18,44,18,96,31,80
"2473",9e+18,31,15,82,23,76
"2474",9.01e+18,108,27,150,37,133
"2475",9.02e+18,72,19,106,37,100
"2476",9.03e+18,51,13,152,21,133
"2477",9.04e+18,137,21,154,26,138
"2478",9.05e+18,75,21,210,34,182
"2479",9.06e+18,75,24,194,29,127
"2480",9.07e+18,63,23,158,33,143
"2481",9.08e+18,340,21,167,34,150
"2482",9.09e+18,93,16,145,29,118
"2483",9.1e+18,77,19,149,34,134
"2484",9.11e+18,66,29,209,30,171
"2485",9.12e+18,65,22,201,35,171
"2486",9.13e+18,68,24,195,39,163
"2487",9.14e+18,72,24,246,26,175
"2488",9.15e+18,46,15,217,27,203
"2489",9.16e+18,48,14,104,28,94
"2490",9.17e+18,53,25,216,41,176
"2491",9.18e+18,72,24,196,37,163
"2492",9.19e+18,78,21,198,30,162
"2493",9.2e+18,111,19,351,37,260
"2494",9.21e+18,99,20,355,34,254
"2495",9.22e+18,53,24,236,32,174
"2496",9.23e+18,43,19,95,25,90
"2497",9.24e+18,67,21,150,31,125
"2498",9.25e+18,705,25,204,29,174
"2499",9.26e+18,79,13,191,28,153
"2500",9.27e+18,33,18,148,27,123
"2501",9.28e+18,198,23,94,24,86
"2502",9.29e+18,124,35,462,35,326
"2503",9.3e+18,63,22,154,35,131
"2504",9.31e+18,90,22,150,32,134
"2505",9.32e+18,186,28,236,32,194
"2506",9.33e+18,51,14,185,29,141
"2507",9.34e+18,61,15,148,21,127
"2508",9.35e+18,66,21,239,35,198
"2509",9.36e+18,86,22,217,31,186
"2510",9.37e+18,111,25,250,33,195
"2511",9.38e+18,61,29,88,30,80
"2512",9.39e+18,66,22,146,31,120
"2513",9.4e+18,120,25,233,40,191
"2514",9.41e+18,56,21,157,32,130
"2515",9.42e+18,48,20,158,34,128
"2516",9.43e+18,49,22,183,34,147
"2517",9.44e+18,65,18,146,33,126
"2518",9.45e+18,40,19,118,29,102
"2519",9.46e+18,71,28,171,40,149
"2520",9.47e+18,78,28,239,37,201
"2521",9.48e+18,45,11,118,21,113
"2522",9.49e+18,99,23,155,33,136
"2523",9.5e+18,146,32,197,44,172
"2524",9.51e+18,84,31,222,41,179
"2525",9.52e+18,68,19,217,31,180
"2526",9.53e+18,54,14,175,31,150
"2527",9.54e+18,72,22,237,34,189
"2528",9.55e+18,73,14,278,23,216
"2529",9.56e+18,225,35,315,48,251
"2530",9.57e+18,96,23,136,28,117
"2531",9.58e+18,100,12,193,24,170
"2532",9.59e+18,106,30,228,42,168
"2533",9.6e+18,65,24,126,32,115
"2534",9.61e+18,194,26,274,29,205
"2535",9.62e+18,91,23,210,33,174
"2536",9.63e+18,100,20,232,28,199
"2537",9.64e+18,49,20,302,35,233
"2538",9.65e+18,104,19,111,26,103
"2539",9.66e+18,163,21,338,30,256
"2540",9.67e+18,131,20,225,33,181
"2541",9.68e+18,132,22,214,42,175
"2542",9.69e+18,92,16,126,24,114
"2543",9.7e+18,88,29,121,38,115
"2544",9.71e+18,69,20,258,39,216
"2545",9.72e+18,154,25,161,32,145
"2546",9.73e+18,60,29,131,28,107
"2547",9.74e+18,53,23,102,28,84
"2548",9.75e+18,50,19,184,25,134
"2549",9.76e+18,85,26,114,30,104
"2550",9.77e+18,110,27,157,35,140
"2551",9.78e+18,110,22,196,34,159
"2552",9.79e+18,56,25,83,33,77
"2553",9.8e+18,185,21,275,27,232
"2554",9.81e+18,72,26,97,36,89
"2555",9.82e+18,55,18,161,32,131
"2556",9.83e+18,60,20,135,33,119
"2557",9.84e+18,83,21,150,31,122
"2558",9.85e+18,45,14,138,18,107
"2559",9.86e+18,86,29,352,34,292
"2560",9.87e+18,81,17,219,31,178
"2561",9.88e+18,62,29,95,38,91
"2562",9.89e+18,49,19,113,31,104
"2563",9.9e+18,46,25,84,29,74
"2564",9.91e+18,119,24,118,28,105
"2565",9.92e+18,58,21,109,29,86
"2566",9.93e+18,189,23,141,29,126
"2567",9.94e+18,164,33,123,36,106
"2568",9.95e+18,41,19,121,26,101
"2569",9.96e+18,192,27,140,28,115
"2570",9.97e+18,85,23,168,33,145
"2571",9.98e+18,109,21,210,34,194
"2572",9.99e+18,49,20,106,30,94
"2573",1e+19,42,11,197,18,146
"2574",4.5e+19,1,1,1,1,1
"2575",5.07e+19,1,1,1,1,1
